<?xml version="1.0" encoding="UTF-8"?>
<kml xmlns="http://www.opengis.net/kml/2.2" xmlns:gx="http://www.google.com/kml/ext/2.2">
    <Document id="733">
        <Placemark id="735">
            <name>Бывший полигон промотходов ОАО «Омский каучук» (ru)</name>
            <description/>
            <Point id="734">
                <coordinates>73.1851565,55.0898135,0.0</coordinates>
            </Point>
        </Placemark>
        <Placemark id="737">
            <name>Бывший глиняный карьер (ru)</name>
            <description/>
            <Point id="736">
                <coordinates>73.4849256,55.0244819,0.0</coordinates>
            </Point>
        </Placemark>
        <Placemark id="739">
            <name>Бывшее ЗАО «Сибшерсть» (ru)</name>
            <description/>
            <Point id="738">
                <coordinates>73.4587699,54.9864866,0.0</coordinates>
            </Point>
        </Placemark>
        <Placemark id="741">
            <name>Заболоченные водохранилища (ru)</name>
            <description/>
            <Point id="740">
                <coordinates>73.479828,55.111367,0.0</coordinates>
            </Point>
        </Placemark>
        <Placemark id="743">
            <name>Заброшенная стройплощадка ТЧ-1 «Электродепо» (ru)</name>
            <description/>
            <Point id="742">
                <coordinates>73.2693551,55.0017311,0.0</coordinates>
            </Point>
        </Placemark>
        <Placemark id="745">
            <name>АО «Омскплем» (ru)</name>
            <description/>
            <Point id="744">
                <coordinates>73.5183392,55.051537,0.0</coordinates>
            </Point>
        </Placemark>
        <Placemark id="747">
            <name>СНТ «Вишенка» (ru)</name>
            <description/>
            <Point id="746">
                <coordinates>73.5108169,55.0156314,0.0</coordinates>
            </Point>
        </Placemark>
        <Placemark id="749">
            <name>Заброшенное производство ацетальдегида (ru)</name>
            <description/>
            <Point id="748">
                <coordinates>73.2865333,55.0772938,0.0</coordinates>
            </Point>
        </Placemark>
        <Placemark id="751">
            <name>Бывшее СНТ «Мечта-4» (ru)</name>
            <description/>
            <Point id="750">
                <coordinates>73.5588311,55.0024876,0.0</coordinates>
            </Point>
        </Placemark>
        <Placemark id="753">
            <name>Заброшенная территория (ru)</name>
            <description/>
            <Point id="752">
                <coordinates>73.5254778,55.066014,0.0</coordinates>
            </Point>
        </Placemark>
        <Placemark id="755">
            <name>Бывшая в/ч 22148 (ru)</name>
            <description/>
            <Point id="754">
                <coordinates>73.495016,55.0314148,0.0</coordinates>
            </Point>
        </Placemark>
        <Placemark id="757">
            <name>Заброшенная стройплощадка (ru)</name>
            <description/>
            <Point id="756">
                <coordinates>73.3100856,55.0166287,0.0</coordinates>
            </Point>
        </Placemark>
        <Placemark id="759">
            <name>Заброшенная ферма (растениеводство) (ru)</name>
            <description/>
            <Point id="758">
                <coordinates>73.5698818,55.086541,0.0</coordinates>
            </Point>
        </Placemark>
        <Placemark id="761">
            <name>Бывшая в/ч 77112 гвардейская (ru)</name>
            <description/>
            <Point id="760">
                <coordinates>73.4983139,55.0313727,0.0</coordinates>
            </Point>
        </Placemark>
        <Placemark id="763">
            <name>Бывшие очистные сооружения (ru)</name>
            <description/>
            <Point id="762">
                <coordinates>73.4596216,54.9846746,0.0</coordinates>
            </Point>
        </Placemark>
        <Placemark id="765">
            <name>Недостроенное управление механизации № 7 (УМ-7) (ru)</name>
            <description/>
            <Point id="764">
                <coordinates>73.2002466,54.9925335,0.0</coordinates>
            </Point>
        </Placemark>
        <Placemark id="767">
            <name>Заброшенная стройплощадка (ru)</name>
            <description/>
            <Point id="766">
                <coordinates>73.4296156,55.0363211,0.0</coordinates>
            </Point>
        </Placemark>
        <Placemark id="769">
            <name>Заброшенные стоянки самолётов (ru)</name>
            <description/>
            <Point id="768">
                <coordinates>73.5471289,54.9783294,0.0</coordinates>
            </Point>
        </Placemark>
        <Placemark id="771">
            <name>Бывшая чермет база (ru)</name>
            <description/>
            <Point id="770">
                <coordinates>73.4394875,54.9939415,0.0</coordinates>
            </Point>
        </Placemark>
        <Placemark id="773">
            <name>Недостроенная станция метро «Заречная» (ru)</name>
            <description/>
            <Point id="772">
                <coordinates>73.3290543,54.9819911,0.0</coordinates>
            </Point>
        </Placemark>
        <Placemark id="775">
            <name>Недостроенный микрорайон «Академический» (ru)</name>
            <description/>
            <Point id="774">
                <coordinates>73.3103084,55.018754,0.0</coordinates>
            </Point>
        </Placemark>
        <Placemark id="777">
            <name>Заброшенная территория (ru)</name>
            <description/>
            <Point id="776">
                <coordinates>73.4973214,55.0285482,0.0</coordinates>
            </Point>
        </Placemark>
        <Placemark id="779">
            <name>Заброшенная территория (ru)</name>
            <description/>
            <Point id="778">
                <coordinates>73.2674066,55.08835,0.0</coordinates>
            </Point>
        </Placemark>
        <Placemark id="781">
            <name>Заброшенная установка каталитического риформинга (ru)</name>
            <description/>
            <Point id="780">
                <coordinates>73.2325578,55.063466,0.0</coordinates>
            </Point>
        </Placemark>
        <Placemark id="783">
            <name>Заброшенное кладбище ОмГАУ (ru)</name>
            <description/>
            <Point id="782">
                <coordinates>73.3172767,55.0290139,0.0</coordinates>
            </Point>
        </Placemark>
        <Placemark id="785">
            <name>Бывшее ЗАО «Дромасс» (ru)</name>
            <description/>
            <Point id="784">
                <coordinates>73.3417197,55.004669,0.0</coordinates>
            </Point>
        </Placemark>
        <Placemark id="787">
            <name>Недостроенная станция метро «Кристалл» (ru)</name>
            <description/>
            <Point id="786">
                <coordinates>73.3047857,54.9861602,0.0</coordinates>
            </Point>
        </Placemark>
        <Placemark id="789">
            <name>Заброшенная территория (ru)</name>
            <description/>
            <Point id="788">
                <coordinates>73.2744546,55.0843422,0.0</coordinates>
            </Point>
        </Placemark>
        <Placemark id="791">
            <name>Бывшая вертолётная площадка (ru)</name>
            <description/>
            <Point id="790">
                <coordinates>73.1863822,54.9967696,0.0</coordinates>
            </Point>
        </Placemark>
        <Placemark id="793">
            <name>Куча грунта (ru)</name>
            <description/>
            <Point id="792">
                <coordinates>73.2480019,55.0023161,0.0</coordinates>
            </Point>
        </Placemark>
        <Placemark id="795">
            <name>Недостроенный ЖК «Мирапорт» (ru)</name>
            <description/>
            <Point id="794">
                <coordinates>73.2569672,55.0226193,0.0</coordinates>
            </Point>
        </Placemark>
        <Placemark id="797">
            <name>Заброшенная территория (ru)</name>
            <description/>
            <Point id="796">
                <coordinates>73.2772959,55.086023,0.0</coordinates>
            </Point>
        </Placemark>
        <Placemark id="799">
            <name>Заброшенный фомовочный цех (ru)</name>
            <description/>
            <Point id="798">
                <coordinates>73.5253977,55.0657489,0.0</coordinates>
            </Point>
        </Placemark>
        <Placemark id="801">
            <name>Заброшенный цех (ru)</name>
            <description/>
            <Point id="800">
                <coordinates>73.4710913,55.0306378,0.0</coordinates>
            </Point>
        </Placemark>
        <Placemark id="803">
            <name>Заброшенная территория (ru)</name>
            <description/>
            <Point id="802">
                <coordinates>73.2723541,55.0818184,0.0</coordinates>
            </Point>
        </Placemark>
        <Placemark id="805">
            <name>Заброшенный открытый склад готовой продукции (ru)</name>
            <description/>
            <Point id="804">
                <coordinates>73.5250487,55.0664165,0.0</coordinates>
            </Point>
        </Placemark>
        <Placemark id="807">
            <name>Территория заброшенной котельной (ru)</name>
            <description/>
            <Point id="806">
                <coordinates>73.4555299,54.987377,0.0</coordinates>
            </Point>
        </Placemark>
        <Placemark id="809">
            <name>Заброшенное свайное поле (ru)</name>
            <description/>
            <Point id="808">
                <coordinates>73.2649256,55.0015889,0.0</coordinates>
            </Point>
        </Placemark>
        <Placemark id="811">
            <name>Долгострой (ru)</name>
            <description/>
            <Point id="810">
                <coordinates>73.2909857,55.0069952,0.0</coordinates>
            </Point>
        </Placemark>
        <Placemark id="813">
            <name>Склад (ru)</name>
            <description/>
            <Point id="812">
                <coordinates>73.2536373,55.1098039,0.0</coordinates>
            </Point>
        </Placemark>
        <Placemark id="815">
            <name>Заброшенная стройка административно-гостиничного комплекса (ru)</name>
            <description/>
            <Point id="814">
                <coordinates>73.2727266,55.0231282,0.0</coordinates>
            </Point>
        </Placemark>
        <Placemark id="817">
            <name>Бывшая ЖД станция завода пластмасс (ru)</name>
            <description/>
            <Point id="816">
                <coordinates>73.2375789,55.1130186,0.0</coordinates>
            </Point>
        </Placemark>
        <Placemark id="819">
            <name>Заброшенная стройплощадка (ru)</name>
            <description/>
            <Point id="818">
                <coordinates>73.453852,55.0410153,0.0</coordinates>
            </Point>
        </Placemark>
        <Placemark id="821">
            <name>Недостроенный wентр управления метрополитеном (ru)</name>
            <description/>
            <Point id="820">
                <coordinates>73.3553909,54.9915896,0.0</coordinates>
            </Point>
        </Placemark>
        <Placemark id="823">
            <name>Бывший корпус вспомогательных цехов (ru)</name>
            <description/>
            <Point id="822">
                <coordinates>73.3491348,54.9994254,0.0</coordinates>
            </Point>
        </Placemark>
        <Placemark id="825">
            <name>Заброшенная стройплощадка (ru)</name>
            <description/>
            <Point id="824">
                <coordinates>73.4123986,54.9920097,0.0</coordinates>
            </Point>
        </Placemark>
        <Placemark id="827">
            <name>Заброшенная стройплощадка (ru)</name>
            <description/>
            <Point id="826">
                <coordinates>73.3314509,55.0383188,0.0</coordinates>
            </Point>
        </Placemark>
        <Placemark id="829">
            <name>Заброшенная стройка ЖК «Фрегат» (ru)</name>
            <description/>
            <Point id="828">
                <coordinates>73.3352247,54.9892752,0.0</coordinates>
            </Point>
        </Placemark>
        <Placemark id="831">
            <name>Бывшее стрельбище (ru)</name>
            <description/>
            <Point id="830">
                <coordinates>73.5551056,54.9819019,0.0</coordinates>
            </Point>
        </Placemark>
        <Placemark id="833">
            <name>Заброшенное футбольное поле (ru)</name>
            <description/>
            <Point id="832">
                <coordinates>73.2845511,55.0232766,0.0</coordinates>
            </Point>
        </Placemark>
        <Placemark id="835">
            <name>Заброшенные резервуары (ru)</name>
            <description/>
            <Point id="834">
                <coordinates>73.2017881,55.0645836,0.0</coordinates>
            </Point>
        </Placemark>
        <Placemark id="837">
            <name>Заброшенная строительная площадка (ru)</name>
            <description/>
            <Point id="836">
                <coordinates>73.3879141,54.9828861,0.0</coordinates>
            </Point>
        </Placemark>
        <Placemark id="839">
            <name>Заброшенная стройплощадка (ru)</name>
            <description/>
            <Point id="838">
                <coordinates>73.3273524,55.0130393,0.0</coordinates>
            </Point>
        </Placemark>
        <Placemark id="841">
            <name>Заброшенная стройка мелкооптового рынка (ru)</name>
            <description/>
            <Point id="840">
                <coordinates>73.2405723,54.9898108,0.0</coordinates>
            </Point>
        </Placemark>
        <Placemark id="843">
            <name>Емкости для хранения комбикормов (ru)</name>
            <description/>
            <Point id="842">
                <coordinates>73.3177225,55.0695197,0.0</coordinates>
            </Point>
        </Placemark>
        <Placemark id="845">
            <name>Производственный корпус (ru)</name>
            <description/>
            <Point id="844">
                <coordinates>73.2689166,55.0629185,0.0</coordinates>
            </Point>
        </Placemark>
        <Placemark id="847">
            <name>Трамвайное кольцо «ул. Дергачёва» (ru)</name>
            <description/>
            <Point id="846">
                <coordinates>73.2469493,54.9891476,0.0</coordinates>
            </Point>
        </Placemark>
        <Placemark id="849">
            <name>Закрытая набережная (ru)</name>
            <description/>
            <Point id="848">
                <coordinates>73.371507,54.9804204,0.0</coordinates>
            </Point>
        </Placemark>
        <Placemark id="851">
            <name>Заброшенный сборочный цех (ru)</name>
            <description/>
            <Point id="850">
                <coordinates>73.2440256,55.056395,0.0</coordinates>
            </Point>
        </Placemark>
        <Placemark id="853">
            <name>Заброшенная стройплощадка (ru)</name>
            <description/>
            <Point id="852">
                <coordinates>73.2968611,55.0015235,0.0</coordinates>
            </Point>
        </Placemark>
        <Placemark id="855">
            <name>Формовочный цех (ru)</name>
            <description/>
            <Point id="854">
                <coordinates>73.4425687,54.9826385,0.0</coordinates>
            </Point>
        </Placemark>
        <Placemark id="857">
            <name>Цех ионно-обменных смол (ru)</name>
            <description/>
            <Point id="856">
                <coordinates>73.2525488,55.1105095,0.0</coordinates>
            </Point>
        </Placemark>
        <Placemark id="859">
            <name>Заброшенная стройплощадка (ru)</name>
            <description/>
            <Point id="858">
                <coordinates>73.2445916,55.0283264,0.0</coordinates>
            </Point>
        </Placemark>
        <Placemark id="861">
            <name>Недостроенный жилой городок (ru)</name>
            <description/>
            <Point id="860">
                <coordinates>73.5338147,55.0657592,0.0</coordinates>
            </Point>
        </Placemark>
        <Placemark id="863">
            <name>Заброшенные теплицы (ru)</name>
            <description/>
            <Point id="862">
                <coordinates>73.1387253,55.0258412,0.0</coordinates>
            </Point>
        </Placemark>
        <Placemark id="865">
            <name>Бывший цеха осмотра и ремонта (ru)</name>
            <description/>
            <Point id="864">
                <coordinates>73.288809,54.9808647,0.0</coordinates>
            </Point>
        </Placemark>
        <Placemark id="867">
            <name>Территория бывшей котельной (ru)</name>
            <description/>
            <Point id="866">
                <coordinates>73.3535737,55.1048548,0.0</coordinates>
            </Point>
        </Placemark>
        <Placemark id="869">
            <name>Заброшенные котлованы-отстойники (ru)</name>
            <description/>
            <Point id="868">
                <coordinates>73.1951669,55.0711133,0.0</coordinates>
            </Point>
        </Placemark>
        <Placemark id="871">
            <name>Закрытый склад легкозастывающих продуктов (корпус № 2306) (ru)</name>
            <description/>
            <Point id="870">
                <coordinates>73.2485419,55.1078484,0.0</coordinates>
            </Point>
        </Placemark>
        <Placemark id="873">
            <name>Полоса препятствий (ru)</name>
            <description/>
            <Point id="872">
                <coordinates>73.3074263,55.0825333,0.0</coordinates>
            </Point>
        </Placemark>
        <Placemark id="875">
            <name>Заброшенная стройплощадка (ru)</name>
            <description/>
            <Point id="874">
                <coordinates>73.3056695,55.0204625,0.0</coordinates>
            </Point>
        </Placemark>
        <Placemark id="877">
            <name>Заброшенная стройплощадка (ru)</name>
            <description/>
            <Point id="876">
                <coordinates>73.395549,54.9839881,0.0</coordinates>
            </Point>
        </Placemark>
        <Placemark id="879">
            <name>Заброшенный открытый склад (ru)</name>
            <description/>
            <Point id="878">
                <coordinates>73.4709057,55.0274472,0.0</coordinates>
            </Point>
        </Placemark>
        <Placemark id="881">
            <name>Цех полимеризации (ru)</name>
            <description/>
            <Point id="880">
                <coordinates>73.2643728,55.1122293,0.0</coordinates>
            </Point>
        </Placemark>
        <Placemark id="883">
            <name>Установка производства керамзита (ru)</name>
            <description/>
            <Point id="882">
                <coordinates>73.5316237,55.0694776,0.0</coordinates>
            </Point>
        </Placemark>
        <Placemark id="885">
            <name>Недостроенные очистные сооружения (ru)</name>
            <description/>
            <Point id="884">
                <coordinates>73.2965888,55.0123676,0.0</coordinates>
            </Point>
        </Placemark>
        <Placemark id="887">
            <name>Цех пластификаторов (ru)</name>
            <description/>
            <Point id="886">
                <coordinates>73.2628239,55.1127125,0.0</coordinates>
            </Point>
        </Placemark>
        <Placemark id="889">
            <name>Долгострой (ru)</name>
            <description/>
            <Point id="888">
                <coordinates>73.5679211,55.0136541,0.0</coordinates>
            </Point>
        </Placemark>
        <Placemark id="891">
            <name>Долгострой (ru)</name>
            <description/>
            <Point id="890">
                <coordinates>73.5740271,55.0140233,0.0</coordinates>
            </Point>
        </Placemark>
        <Placemark id="893">
            <name>Заброшенные котлованы-отстойники (ru)</name>
            <description/>
            <Point id="892">
                <coordinates>73.1988197,55.0696095,0.0</coordinates>
            </Point>
        </Placemark>
        <Placemark id="895">
            <name>Корпус анионитов и чистых форм (ru)</name>
            <description/>
            <Point id="894">
                <coordinates>73.2563771,55.1114425,0.0</coordinates>
            </Point>
        </Placemark>
        <Placemark id="897">
            <name>Заброшенный причал (ru)</name>
            <description/>
            <Point id="896">
                <coordinates>73.3710457,54.980263,0.0</coordinates>
            </Point>
        </Placemark>
        <Placemark id="899">
            <name>Недостроенный корпус ДРСУ-3 (ru)</name>
            <description/>
            <Point id="898">
                <coordinates>73.463889,55.0025273,0.0</coordinates>
            </Point>
        </Placemark>
        <Placemark id="901">
            <name>Заросший котлован (ru)</name>
            <description/>
            <Point id="900">
                <coordinates>73.5738179,55.0149867,0.0</coordinates>
            </Point>
        </Placemark>
        <Placemark id="903">
            <name>Недостроенный корпус (ru)</name>
            <description/>
            <Point id="902">
                <coordinates>73.2664662,55.0620992,0.0</coordinates>
            </Point>
        </Placemark>
        <Placemark id="905">
            <name>Заброшенные резервуары (ru)</name>
            <description/>
            <Point id="904">
                <coordinates>73.1977327,55.0696902,0.0</coordinates>
            </Point>
        </Placemark>
        <Placemark id="907">
            <name>Бывший корпус № 4 (факультет искусств художественной графики) (ru)</name>
            <description/>
            <Point id="906">
                <coordinates>73.4833376,54.9816371,0.0</coordinates>
            </Point>
        </Placemark>
        <Placemark id="909">
            <name>Плац (ru)</name>
            <description/>
            <Point id="908">
                <coordinates>73.498743,55.0314827,0.0</coordinates>
            </Point>
        </Placemark>
        <Placemark id="911">
            <name>Долгострой (ru)</name>
            <description/>
            <Point id="910">
                <coordinates>73.3343906,55.0384548,0.0</coordinates>
            </Point>
        </Placemark>
        <Placemark id="913">
            <name>Долгострой (ru)</name>
            <description/>
            <Point id="912">
                <coordinates>73.5660517,55.0134443,0.0</coordinates>
            </Point>
        </Placemark>
        <Placemark id="915">
            <name>Фундамент недостроя (ru)</name>
            <description/>
            <Point id="914">
                <coordinates>73.4297335,55.0365475,0.0</coordinates>
            </Point>
        </Placemark>
        <Placemark id="917">
            <name>Заброшенная стройплощадка (ru)</name>
            <description/>
            <Point id="916">
                <coordinates>73.2565099,54.988737,0.0</coordinates>
            </Point>
        </Placemark>
        <Placemark id="919">
            <name>Заброшенный ДК завода им. Козицкого (ru)</name>
            <description/>
            <Point id="918">
                <coordinates>73.3762964,54.9974927,0.0</coordinates>
            </Point>
        </Placemark>
        <Placemark id="921">
            <name>Долгострой (ru)</name>
            <description/>
            <Point id="920">
                <coordinates>73.300187,55.018553,0.0</coordinates>
            </Point>
        </Placemark>
        <Placemark id="923">
            <name>Заброшенная стройплощадка (ru)</name>
            <description/>
            <Point id="922">
                <coordinates>73.2721619,55.0308861,0.0</coordinates>
            </Point>
        </Placemark>
        <Placemark id="925">
            <name>Заброшенное стрельбище (ru)</name>
            <description/>
            <Point id="924">
                <coordinates>73.3202138,55.0270728,0.0</coordinates>
            </Point>
        </Placemark>
        <Placemark id="927">
            <name>Недостроенный корпус (ru)</name>
            <description/>
            <Point id="926">
                <coordinates>73.2016708,55.0174882,0.0</coordinates>
            </Point>
        </Placemark>
        <Placemark id="929">
            <name>Недостроенный склад (ru)</name>
            <description/>
            <Point id="928">
                <coordinates>73.2810792,55.0580339,0.0</coordinates>
            </Point>
        </Placemark>
        <Placemark id="931">
            <name>Парк (ru)</name>
            <description/>
            <Point id="930">
                <coordinates>73.2494383,55.1054739,0.0</coordinates>
            </Point>
        </Placemark>
        <Placemark id="933">
            <name>Бывший производственный корпус (ru)</name>
            <description/>
            <Point id="932">
                <coordinates>73.1569665,54.9959657,0.0</coordinates>
            </Point>
        </Placemark>
        <Placemark id="935">
            <name>Заброшенный печной корпус (ru)</name>
            <description/>
            <Point id="934">
                <coordinates>73.4417475,54.999137,0.0</coordinates>
            </Point>
        </Placemark>
        <Placemark id="937">
            <name>Недостроенная градирня (ru)</name>
            <description/>
            <Point id="936">
                <coordinates>73.4956908,54.999935,0.0</coordinates>
            </Point>
        </Placemark>
        <Placemark id="939">
            <name>Заброшенная складская площадка (ru)</name>
            <description/>
            <Point id="938">
                <coordinates>73.4416441,54.9993474,0.0</coordinates>
            </Point>
        </Placemark>
        <Placemark id="941">
            <name>Заброшенный склад и компрессорная (ru)</name>
            <description/>
            <Point id="940">
                <coordinates>73.2606137,55.1132654,0.0</coordinates>
            </Point>
        </Placemark>
        <Placemark id="943">
            <name>Долгострой (ru)</name>
            <description/>
            <Point id="942">
                <coordinates>73.2727293,55.0231681,0.0</coordinates>
            </Point>
        </Placemark>
        <Placemark id="945">
            <name>Спортзал, Бывшая баня (ru)</name>
            <description/>
            <Point id="944">
                <coordinates>73.3694753,55.000652,0.0</coordinates>
            </Point>
        </Placemark>
        <Placemark id="947">
            <name>Заброшенный арматурный цех (ru)</name>
            <description/>
            <Point id="946">
                <coordinates>73.5230691,55.0654156,0.0</coordinates>
            </Point>
        </Placemark>
        <Placemark id="949">
            <name>Бывший корпус пивзавода «Волочаевский» (ru)</name>
            <description/>
            <Point id="948">
                <coordinates>73.3578316,54.9942166,0.0</coordinates>
            </Point>
        </Placemark>
        <Placemark id="951">
            <name>заброшенный цех бывшего пз им козицкого (ru)</name>
            <description/>
            <Point id="950">
                <coordinates>73.3758274,54.9952272,0.0</coordinates>
            </Point>
        </Placemark>
        <Placemark id="953">
            <name>Недостроенная часть ТРК «Победа» (ru)</name>
            <description/>
            <Point id="952">
                <coordinates>73.4637387,55.0324555,0.0</coordinates>
            </Point>
        </Placemark>
        <Placemark id="955">
            <name>Засыпанный котлован (ru)</name>
            <description/>
            <Point id="954">
                <coordinates>73.3255868,54.9942837,0.0</coordinates>
            </Point>
        </Placemark>
        <Placemark id="957">
            <name>Парк стирола (ru)</name>
            <description/>
            <Point id="956">
                <coordinates>73.2511266,55.1077482,0.0</coordinates>
            </Point>
        </Placemark>
        <Placemark id="959">
            <name>Бывший склад готовой продукции (ru)</name>
            <description/>
            <Point id="958">
                <coordinates>73.4348226,55.0274353,0.0</coordinates>
            </Point>
        </Placemark>
        <Placemark id="961">
            <name>Заброшенный склад (ru)</name>
            <description/>
            <Point id="960">
                <coordinates>73.4574235,55.0201388,0.0</coordinates>
            </Point>
        </Placemark>
        <Placemark id="963">
            <name>Бывшая котельная (ru)</name>
            <description/>
            <Point id="962">
                <coordinates>73.1870856,54.9974198,0.0</coordinates>
            </Point>
        </Placemark>
        <Placemark id="965">
            <name>Пожарные резервуары (ru)</name>
            <description/>
            <Point id="964">
                <coordinates>73.2565006,55.1065131,0.0</coordinates>
            </Point>
        </Placemark>
        <Placemark id="967">
            <name>Резервуары ХПВ (ru)</name>
            <description/>
            <Point id="966">
                <coordinates>73.2572683,55.1067111,0.0</coordinates>
            </Point>
        </Placemark>
        <Placemark id="969">
            <name>Заброшенные аэротенки (ru)</name>
            <description/>
            <Point id="968">
                <coordinates>73.1924292,55.011529,0.0</coordinates>
            </Point>
        </Placemark>
        <Placemark id="971">
            <name>Долгострой административного здания (ru)</name>
            <description/>
            <Point id="970">
                <coordinates>73.369553,54.9955224,0.0</coordinates>
            </Point>
        </Placemark>
        <Placemark id="973">
            <name>Заброшенный главный корпус ТЭЦ-1 (ru)</name>
            <description/>
            <Point id="972">
                <coordinates>73.3706438,54.9829863,0.0</coordinates>
            </Point>
        </Placemark>
        <Placemark id="975">
            <name>Заброшенные отстойники (ru)</name>
            <description/>
            <Point id="974">
                <coordinates>73.1926653,55.0123766,0.0</coordinates>
            </Point>
        </Placemark>
        <Placemark id="977">
            <name>Арматурный цех (ru)</name>
            <description/>
            <Point id="976">
                <coordinates>73.4430472,54.9829319,0.0</coordinates>
            </Point>
        </Placemark>
        <Placemark id="979">
            <name>Заброшенные аэротенки (ru)</name>
            <description/>
            <Point id="978">
                <coordinates>73.1922081,55.0112523,0.0</coordinates>
            </Point>
        </Placemark>
        <Placemark id="981">
            <name>Заброшенная стройплощадка (ru)</name>
            <description/>
            <Point id="980">
                <coordinates>73.329134,55.0402123,0.0</coordinates>
            </Point>
        </Placemark>
        <Placemark id="983">
            <name>Заброшенное административное здание (ru)</name>
            <description/>
            <Point id="982">
                <coordinates>73.2112901,55.0017909,0.0</coordinates>
            </Point>
        </Placemark>
        <Placemark id="985">
            <name>Корпус № 8 (ru)</name>
            <description/>
            <Point id="984">
                <coordinates>73.3755396,54.9966465,0.0</coordinates>
            </Point>
        </Placemark>
        <Placemark id="987">
            <name>ВКС (ru)</name>
            <description/>
            <Point id="986">
                <coordinates>73.2542951,55.1134099,0.0</coordinates>
            </Point>
        </Placemark>
        <Placemark id="989">
            <name>Бывшие аэротенки (ru)</name>
            <description/>
            <Point id="988">
                <coordinates>73.4616691,54.9848567,0.0</coordinates>
            </Point>
        </Placemark>
        <Placemark id="991">
            <name>Заброшенный административный корпус (ru)</name>
            <description/>
            <Point id="990">
                <coordinates>73.2039353,55.0013663,0.0</coordinates>
            </Point>
        </Placemark>
        <Placemark id="993">
            <name>Заброшенная мазутная котельная (ru)</name>
            <description/>
            <Point id="992">
                <coordinates>73.4951412,55.0340185,0.0</coordinates>
            </Point>
        </Placemark>
        <Placemark id="995">
            <name>Долгострой многоквартирного дома (ru)</name>
            <description/>
            <Point id="994">
                <coordinates>73.3764958,55.013511,0.0</coordinates>
            </Point>
        </Placemark>
        <Placemark id="997">
            <name>Долгострой (ru)</name>
            <description/>
            <Point id="996">
                <coordinates>73.2405823,54.9901393,0.0</coordinates>
            </Point>
        </Placemark>
        <Placemark id="999">
            <name>Заброшенные отстойники (ru)</name>
            <description/>
            <Point id="998">
                <coordinates>73.1910935,55.0108993,0.0</coordinates>
            </Point>
        </Placemark>
        <Placemark id="1001">
            <name>Заброшенный поликлинический корпус (ru)</name>
            <description/>
            <Point id="1000">
                <coordinates>73.3788015,54.9926987,0.0</coordinates>
            </Point>
        </Placemark>
        <Placemark id="1003">
            <name>Заброшенная гостиничный комплекс &quot;ВОЯЖ&quot; (ru)</name>
            <description/>
            <Point id="1002">
                <coordinates>73.2837186,54.9984596,0.0</coordinates>
            </Point>
        </Placemark>
        <Placemark id="1005">
            <name>Недостроенный корпус пожарной части (ru)</name>
            <description/>
            <Point id="1004">
                <coordinates>73.2967161,55.0694753,0.0</coordinates>
            </Point>
        </Placemark>
        <Placemark id="1007">
            <name>Склад № 6 (ru)</name>
            <description/>
            <Point id="1006">
                <coordinates>73.2914116,55.059989,0.0</coordinates>
            </Point>
        </Placemark>
        <Placemark id="1009">
            <name>Недостроенный комплекс домиков (ru)</name>
            <description/>
            <Point id="1008">
                <coordinates>73.3784257,55.0441942,0.0</coordinates>
            </Point>
        </Placemark>
        <Placemark id="1011">
            <name>Заброшенная котельная (ru)</name>
            <description/>
            <Point id="1010">
                <coordinates>73.4411691,54.9803098,0.0</coordinates>
            </Point>
        </Placemark>
        <Placemark id="1013">
            <name>Известковая (ru)</name>
            <description/>
            <Point id="1012">
                <coordinates>73.4599038,54.9852531,0.0</coordinates>
            </Point>
        </Placemark>
        <Placemark id="1015">
            <name>Заброшенный ангар (ru)</name>
            <description/>
            <Point id="1014">
                <coordinates>73.3127366,55.0862324,0.0</coordinates>
            </Point>
        </Placemark>
        <Placemark id="1017">
            <name>СНТ «Дружба-2» (ru), уч. 143а</name>
            <description/>
            <Point id="1016">
                <coordinates>73.4399019,55.0095392,0.0</coordinates>
            </Point>
        </Placemark>
        <Placemark id="1019">
            <name>Заброшенный склад (ru)</name>
            <description/>
            <Point id="1018">
                <coordinates>73.4572061,55.0208455,0.0</coordinates>
            </Point>
        </Placemark>
        <Placemark id="1021">
            <name>Заброшенный азотно-кислородный цех (ru)</name>
            <description/>
            <Point id="1020">
                <coordinates>73.2546606,55.1062426,0.0</coordinates>
            </Point>
        </Placemark>
        <Placemark id="1023">
            <name>Заросший котлован (ru)</name>
            <description/>
            <Point id="1022">
                <coordinates>73.5720957,55.0137963,0.0</coordinates>
            </Point>
        </Placemark>
        <Placemark id="1025">
            <name>Заброшенный корпус (ru)</name>
            <description/>
            <Point id="1024">
                <coordinates>73.5309569,55.0705518,0.0</coordinates>
            </Point>
        </Placemark>
        <Placemark id="1027">
            <name>Бывший детский сад (ru)</name>
            <description/>
            <Point id="1026">
                <coordinates>73.2800564,55.0463739,0.0</coordinates>
            </Point>
        </Placemark>
        <Placemark id="1029">
            <name>Недостроенный инженерный корпус метрополитена (ru)</name>
            <description/>
            <Point id="1028">
                <coordinates>73.3558684,54.9916692,0.0</coordinates>
            </Point>
        </Placemark>
        <Placemark id="1031">
            <name>Заброшенный главный зал котельной (ru)</name>
            <description/>
            <Point id="1030">
                <coordinates>73.4381102,54.9917631,0.0</coordinates>
            </Point>
        </Placemark>
        <Placemark id="1033">
            <name>Засыпанный котлован (ru)</name>
            <description/>
            <Point id="1032">
                <coordinates>73.32313,54.9947706,0.0</coordinates>
            </Point>
        </Placemark>
        <Placemark id="1035">
            <name>Заросший фундамент (ru)</name>
            <description/>
            <Point id="1034">
                <coordinates>73.2964726,55.0015776,0.0</coordinates>
            </Point>
        </Placemark>
        <Placemark id="1037">
            <name>Административное здание (ru)</name>
            <description/>
            <Point id="1036">
                <coordinates>73.2631439,55.1134003,0.0</coordinates>
            </Point>
        </Placemark>
        <Placemark id="1039">
            <name>Казарма (ru)</name>
            <description/>
            <Point id="1038">
                <coordinates>73.4989297,55.0310611,0.0</coordinates>
            </Point>
        </Placemark>
        <Placemark id="1041">
            <name>Мех. мастерская (ru)</name>
            <description/>
            <Point id="1040">
                <coordinates>73.2589679,55.1120901,0.0</coordinates>
            </Point>
        </Placemark>
        <Placemark id="1043">
            <name>Заброшенная дистилляционная (ru)</name>
            <description/>
            <Point id="1042">
                <coordinates>73.2606944,55.1127404,0.0</coordinates>
            </Point>
        </Placemark>
        <Placemark id="1045">
            <name>Заброшенное здание (ru)</name>
            <description/>
            <Point id="1044">
                <coordinates>73.2854408,55.0146048,0.0</coordinates>
            </Point>
        </Placemark>
        <Placemark id="1047">
            <name>Бывшая казарма Омского военного округа (ru)</name>
            <description/>
            <Point id="1046">
                <coordinates>73.3645669,54.9848968,0.0</coordinates>
            </Point>
        </Placemark>
        <Placemark id="1049">
            <name>Цех (ru)</name>
            <description/>
            <Point id="1048">
                <coordinates>73.3091608,55.0899861,0.0</coordinates>
            </Point>
        </Placemark>
        <Placemark id="1051">
            <name>Заброшенный бетоносмесительный цех (ru)</name>
            <description/>
            <Point id="1050">
                <coordinates>73.3705522,55.0189397,0.0</coordinates>
            </Point>
        </Placemark>
        <Placemark id="1053">
            <name>Заросший котлован (ru)</name>
            <description/>
            <Point id="1052">
                <coordinates>73.240692,54.9896537,0.0</coordinates>
            </Point>
        </Placemark>
        <Placemark id="1055">
            <name>Заброшенный гаражно-складской бокс (ru)</name>
            <description/>
            <Point id="1054">
                <coordinates>73.2528878,55.1081456,0.0</coordinates>
            </Point>
        </Placemark>
        <Placemark id="1057">
            <name>Заброшенный корпус (ru)</name>
            <description/>
            <Point id="1056">
                <coordinates>73.4296037,55.0596987,0.0</coordinates>
            </Point>
        </Placemark>
        <Placemark id="1059">
            <name>Заброшенное здание (ru)</name>
            <description/>
            <Point id="1058">
                <coordinates>73.1559767,55.0839619,0.0</coordinates>
            </Point>
        </Placemark>
        <Placemark id="1061">
            <name>Заброшенное убежище № 170 (ru)</name>
            <description/>
            <Point id="1060">
                <coordinates>73.2796301,55.0617328,0.0</coordinates>
            </Point>
        </Placemark>
        <Placemark id="1063">
            <name>СНТ &quot;Омь&quot; (ru), уч. 3в</name>
            <description/>
            <Point id="1062">
                <coordinates>73.4354106,55.0074382,0.0</coordinates>
            </Point>
        </Placemark>
        <Placemark id="1065">
            <name>Недостроенная гостиница (ru)</name>
            <description/>
            <Point id="1064">
                <coordinates>73.3056251,55.0203707,0.0</coordinates>
            </Point>
        </Placemark>
        <Placemark id="1067">
            <name>Недостроенное общежитие (ru)</name>
            <description/>
            <Point id="1066">
                <coordinates>73.1687752,54.9940904,0.0</coordinates>
            </Point>
        </Placemark>
        <Placemark id="1069">
            <name>Заброшенный цех ПВХ (ru)</name>
            <description/>
            <Point id="1068">
                <coordinates>73.527698,55.0668509,0.0</coordinates>
            </Point>
        </Placemark>
        <Placemark id="1071">
            <name>Заброшенный корпус (ru)</name>
            <description/>
            <Point id="1070">
                <coordinates>73.3775333,55.0438703,0.0</coordinates>
            </Point>
        </Placemark>
        <Placemark id="1073">
            <name>Заброшенная диспетчерская Иртышского пароходства (ru)</name>
            <description/>
            <Point id="1072">
                <coordinates>73.316794,55.0097398,0.0</coordinates>
            </Point>
        </Placemark>
        <Placemark id="1075">
            <name>Заброшенные отстойники (ru)</name>
            <description/>
            <Point id="1074">
                <coordinates>73.1917721,55.0107874,0.0</coordinates>
            </Point>
        </Placemark>
        <Placemark id="1077">
            <name>Заброшенная котельная (ru)</name>
            <description/>
            <Point id="1076">
                <coordinates>73.4555472,54.9877972,0.0</coordinates>
            </Point>
        </Placemark>
        <Placemark id="1079">
            <name>Столовая (ru)</name>
            <description/>
            <Point id="1078">
                <coordinates>73.4977748,55.0311785,0.0</coordinates>
            </Point>
        </Placemark>
        <Placemark id="1081">
            <name>Заброшенные отстойники (ru)</name>
            <description/>
            <Point id="1080">
                <coordinates>73.1922587,55.0114045,0.0</coordinates>
            </Point>
        </Placemark>
        <Placemark id="1083">
            <name>Бытовой корпус (ru)</name>
            <description/>
            <Point id="1082">
                <coordinates>73.2575508,55.11166,0.0</coordinates>
            </Point>
        </Placemark>
        <Placemark id="1085">
            <name>Заброшенная столовая Института ветеринарной медицины при ОмГАУ (ru)</name>
            <description/>
            <Point id="1084">
                <coordinates>73.361159,54.999092,0.0</coordinates>
            </Point>
        </Placemark>
        <Placemark id="1087">
            <name>Заброшенное здание (ru)</name>
            <description/>
            <Point id="1086">
                <coordinates>73.4277903,55.0113613,0.0</coordinates>
            </Point>
        </Placemark>
        <Placemark id="1089">
            <name>Парк топлива (ru)</name>
            <description/>
            <Point id="1088">
                <coordinates>73.250297,55.1076255,0.0</coordinates>
            </Point>
        </Placemark>
        <Placemark id="1091">
            <name>Заброшенный продуктовый магазин (ru)</name>
            <description/>
            <Point id="1090">
                <coordinates>73.2246171,54.9969541,0.0</coordinates>
            </Point>
        </Placemark>
        <Placemark id="1093">
            <name>Корпус № 2167 (ru)</name>
            <description/>
            <Point id="1092">
                <coordinates>73.2538076,55.1113877,0.0</coordinates>
            </Point>
        </Placemark>
        <Placemark id="1095">
            <name>Заброшенный ангар (ru)</name>
            <description/>
            <Point id="1094">
                <coordinates>73.5215437,55.0646175,0.0</coordinates>
            </Point>
        </Placemark>
        <Placemark id="1097">
            <name>Заброшенный склад глины (ru)</name>
            <description/>
            <Point id="1096">
                <coordinates>73.4554155,55.0126394,0.0</coordinates>
            </Point>
        </Placemark>
        <Placemark id="1099">
            <name>Заброшенный отстойник (ru)</name>
            <description/>
            <Point id="1098">
                <coordinates>73.1763842,55.0746844,0.0</coordinates>
            </Point>
        </Placemark>
        <Placemark id="1101">
            <name>Отделение контактирования (ru)</name>
            <description/>
            <Point id="1100">
                <coordinates>73.2618742,55.1129857,0.0</coordinates>
            </Point>
        </Placemark>
        <Placemark id="1103">
            <name>Недостроенный фундамент (ru)</name>
            <description/>
            <Point id="1102">
                <coordinates>73.3353249,54.9893767,0.0</coordinates>
            </Point>
        </Placemark>
        <Placemark id="1105">
            <name>Бытовой корпус (ru)</name>
            <description/>
            <Point id="1104">
                <coordinates>73.2838827,55.014373,0.0</coordinates>
            </Point>
        </Placemark>
        <Placemark id="1107">
            <name>СНТ &quot;Омь&quot; (ru), уч. 12</name>
            <description/>
            <Point id="1106">
                <coordinates>73.4394031,55.0060668,0.0</coordinates>
            </Point>
        </Placemark>
        <Placemark id="1109">
            <name>Заброшенная котельная (ru)</name>
            <description/>
            <Point id="1108">
                <coordinates>73.3027397,55.0705265,0.0</coordinates>
            </Point>
        </Placemark>
        <Placemark id="1111">
            <name>Бывший парк диоктилфталата (ru)</name>
            <description/>
            <Point id="1110">
                <coordinates>73.2511828,55.1059083,0.0</coordinates>
            </Point>
        </Placemark>
        <Placemark id="1113">
            <name>Главный корпус (ru)</name>
            <description/>
            <Point id="1112">
                <coordinates>73.3671281,54.9917942,0.0</coordinates>
            </Point>
        </Placemark>
        <Placemark id="1115">
            <name>Насосная ХПВ (ru)</name>
            <description/>
            <Point id="1114">
                <coordinates>73.2560618,55.1120217,0.0</coordinates>
            </Point>
        </Placemark>
        <Placemark id="1117">
            <name>Заброшенная стройка поликлиники (ru)</name>
            <description/>
            <Point id="1116">
                <coordinates>73.3248057,54.9838696,0.0</coordinates>
            </Point>
        </Placemark>
        <Placemark id="1119">
            <name>Заброшенный АБК (ru)</name>
            <description/>
            <Point id="1118">
                <coordinates>73.1907598,54.989484,0.0</coordinates>
            </Point>
        </Placemark>
        <Placemark id="1121">
            <name>СНТ &quot;Омь&quot; (ru), уч. 2в</name>
            <description/>
            <Point id="1120">
                <coordinates>73.4349064,55.0074743,0.0</coordinates>
            </Point>
        </Placemark>
        <Placemark id="1123">
            <name>Недостроенный жилой дом (ru)</name>
            <description/>
            <Point id="1122">
                <coordinates>73.3054656,54.9851663,0.0</coordinates>
            </Point>
        </Placemark>
        <Placemark id="1125">
            <name>СНТ &quot;Омь&quot; (ru), уч. 266</name>
            <description/>
            <Point id="1124">
                <coordinates>73.4390624,55.0064091,0.0</coordinates>
            </Point>
        </Placemark>
        <Placemark id="1127">
            <name>Заброшенный АБК (ru)</name>
            <description/>
            <Point id="1126">
                <coordinates>73.2771534,55.0608073,0.0</coordinates>
            </Point>
        </Placemark>
        <Placemark id="1129">
            <name>Бывшая АТС-16 (ru)</name>
            <description/>
            <Point id="1128">
                <coordinates>73.3134466,54.9844599,0.0</coordinates>
            </Point>
        </Placemark>
        <Placemark id="1131">
            <name>Склад (ru)</name>
            <description/>
            <Point id="1130">
                <coordinates>73.261777,55.1111372,0.0</coordinates>
            </Point>
        </Placemark>
        <Placemark id="1133">
            <name>Недостроенная библиотека (ru)</name>
            <description/>
            <Point id="1132">
                <coordinates>73.2867036,55.0270266,0.0</coordinates>
            </Point>
        </Placemark>
        <Placemark id="1135">
            <name>Административное здание бывшего полигона (ru)</name>
            <description/>
            <Point id="1134">
                <coordinates>73.3076984,55.0845865,0.0</coordinates>
            </Point>
        </Placemark>
        <Placemark id="1137">
            <name>Неврологическое отделение (ru)</name>
            <description/>
            <Point id="1136">
                <coordinates>73.3750825,54.9918182,0.0</coordinates>
            </Point>
        </Placemark>
        <Placemark id="1139">
            <name>Заброшенное здание (ru)</name>
            <description/>
            <Point id="1138">
                <coordinates>73.5131006,54.9926856,0.0</coordinates>
            </Point>
        </Placemark>
        <Placemark id="1141">
            <name>Бетонная ёмкость (ru)</name>
            <description/>
            <Point id="1140">
                <coordinates>73.1708871,55.002148,0.0</coordinates>
            </Point>
        </Placemark>
        <Placemark id="1143">
            <name>Бывшее 267 военно-строительное управление МО РФ (ru)</name>
            <description/>
            <Point id="1142">
                <coordinates>73.3768935,54.9905756,0.0</coordinates>
            </Point>
        </Placemark>
        <Placemark id="1145">
            <name>Бывшее кладбище домашних животных (ru)</name>
            <description/>
            <Point id="1144">
                <coordinates>73.2514294,54.9985879,0.0</coordinates>
            </Point>
        </Placemark>
        <Placemark id="1147">
            <name>Заброшенное бомбоубежище (ru)</name>
            <description/>
            <Point id="1146">
                <coordinates>73.4553822,54.9889807,0.0</coordinates>
            </Point>
        </Placemark>
        <Placemark id="1149">
            <name>Долгострой ЖК «Фрегат» (ru)</name>
            <description/>
            <Point id="1148">
                <coordinates>73.3351593,54.9890497,0.0</coordinates>
            </Point>
        </Placemark>
        <Placemark id="1151">
            <name>Недостроенный корпус поликлиники (ru)</name>
            <description/>
            <Point id="1150">
                <coordinates>73.3274772,55.037319,0.0</coordinates>
            </Point>
        </Placemark>
        <Placemark id="1153">
            <name>Недострой жилого дома (ru)</name>
            <description/>
            <Point id="1152">
                <coordinates>73.3029616,55.0411068,0.0</coordinates>
            </Point>
        </Placemark>
        <Placemark id="1155">
            <name>Заброшенная фотолаборатория (ru)</name>
            <description/>
            <Point id="1154">
                <coordinates>73.2797836,55.0687291,0.0</coordinates>
            </Point>
        </Placemark>
        <Placemark id="1157">
            <name>Долгострой многоуровневой парковки (ru)</name>
            <description/>
            <Point id="1156">
                <coordinates>73.2720412,55.0308865,0.0</coordinates>
            </Point>
        </Placemark>
        <Placemark id="1159">
            <name>Заброшенный АБК (ru)</name>
            <description/>
            <Point id="1158">
                <coordinates>73.5235012,55.064672,0.0</coordinates>
            </Point>
        </Placemark>
        <Placemark id="1161">
            <name>АБК (ru)</name>
            <description/>
            <Point id="1160">
                <coordinates>73.2556019,55.1126123,0.0</coordinates>
            </Point>
        </Placemark>
        <Placemark id="1163">
            <name>Заброшенное здание (ru)</name>
            <description/>
            <Point id="1162">
                <coordinates>73.4338677,55.0251592,0.0</coordinates>
            </Point>
        </Placemark>
        <Placemark id="1165">
            <name>Бывший детский сад № 265 (ru)</name>
            <description/>
            <Point id="1164">
                <coordinates>73.2697894,55.0368355,0.0</coordinates>
            </Point>
        </Placemark>
        <Placemark id="1167">
            <name>Заброшенный бытовой корпус (ru)</name>
            <description/>
            <Point id="1166">
                <coordinates>73.2048378,55.000997,0.0</coordinates>
            </Point>
        </Placemark>
        <Placemark id="1169">
            <name>СНТ &quot;Берёзка&quot; (ru), уч. 299</name>
            <description/>
            <Point id="1168">
                <coordinates>73.4726664,55.0147684,0.0</coordinates>
            </Point>
        </Placemark>
        <Placemark id="1171">
            <name>Заброшенные склады (ru)</name>
            <description/>
            <Point id="1170">
                <coordinates>73.4295647,55.0150898,0.0</coordinates>
            </Point>
        </Placemark>
        <Placemark id="1173">
            <name>Заброшенная котельная (ru)</name>
            <description/>
            <Point id="1172">
                <coordinates>73.4421019,54.9957418,0.0</coordinates>
            </Point>
        </Placemark>
        <Placemark id="1175">
            <name>Сваи (ru)</name>
            <description/>
            <Point id="1174">
                <coordinates>73.2738313,55.0229622,0.0</coordinates>
            </Point>
        </Placemark>
        <Placemark id="1177">
            <name>Заброшенное здание (ru)</name>
            <description/>
            <Point id="1176">
                <coordinates>73.4363842,55.0132197,0.0</coordinates>
            </Point>
        </Placemark>
        <Placemark id="1179">
            <name>Заброшенный участок (ru)</name>
            <description/>
            <Point id="1178">
                <coordinates>73.4406731,55.0073536,0.0</coordinates>
            </Point>
        </Placemark>
        <Placemark id="1181">
            <name>Фундамент (ru)</name>
            <description/>
            <Point id="1180">
                <coordinates>73.4065191,55.0339363,0.0</coordinates>
            </Point>
        </Placemark>
        <Placemark id="1183">
            <name>Долгострой (ru)</name>
            <description/>
            <Point id="1182">
                <coordinates>73.4381143,55.0332423,0.0</coordinates>
            </Point>
        </Placemark>
        <Placemark id="1185">
            <name>Заброшенные бассейны (ru)</name>
            <description/>
            <Point id="1184">
                <coordinates>73.3276811,55.007567,0.0</coordinates>
            </Point>
        </Placemark>
        <Placemark id="1187">
            <name>Долгострой (ru)</name>
            <description/>
            <Point id="1186">
                <coordinates>73.3308411,55.0383138,0.0</coordinates>
            </Point>
        </Placemark>
        <Placemark id="1189">
            <name>Заброшенный детский сад № 388 комбинированного вида (ru)</name>
            <description/>
            <Point id="1188">
                <coordinates>73.4373512,54.9807797,0.0</coordinates>
            </Point>
        </Placemark>
        <Placemark id="1191">
            <name>Traffic police</name>
            <description/>
            <Point id="1190">
                <coordinates>73.3554994,54.9796848,0.0</coordinates>
            </Point>
        </Placemark>
        <Placemark id="1193">
            <name>СНТ &quot;Омь&quot; (ru), уч. 179</name>
            <description/>
            <Point id="1192">
                <coordinates>73.4538789,55.0080112,0.0</coordinates>
            </Point>
        </Placemark>
        <Placemark id="1195">
            <name>Заброшенное овощехранилище (ru)</name>
            <description/>
            <Point id="1194">
                <coordinates>73.3137279,55.027973,0.0</coordinates>
            </Point>
        </Placemark>
        <Placemark id="1197">
            <name>Фундамент (ru)</name>
            <description/>
            <Point id="1196">
                <coordinates>73.4062456,55.0330105,0.0</coordinates>
            </Point>
        </Placemark>
        <Placemark id="1199">
            <name>Заброшенный участок (ru)</name>
            <description/>
            <Point id="1198">
                <coordinates>73.4391456,55.0073528,0.0</coordinates>
            </Point>
        </Placemark>
        <Placemark id="1201">
            <name>Заброшенное здание (ru)</name>
            <description/>
            <Point id="1200">
                <coordinates>73.1610951,54.9993548,0.0</coordinates>
            </Point>
        </Placemark>
        <Placemark id="1203">
            <name>Заброшенная котельная (ru)</name>
            <description/>
            <Point id="1202">
                <coordinates>73.4363534,55.0250752,0.0</coordinates>
            </Point>
        </Placemark>
        <Placemark id="1205">
            <name>Бывшая котельная (ru)</name>
            <description/>
            <Point id="1204">
                <coordinates>73.2834404,55.0146688,0.0</coordinates>
            </Point>
        </Placemark>
        <Placemark id="1207">
            <name>Заброшенная прачечная (ru)</name>
            <description/>
            <Point id="1206">
                <coordinates>73.279364,55.0345478,0.0</coordinates>
            </Point>
        </Placemark>
        <Placemark id="1209">
            <name>СНТ &quot;Омь&quot; (ru), уч. 199</name>
            <description/>
            <Point id="1208">
                <coordinates>73.4452423,55.0070437,0.0</coordinates>
            </Point>
        </Placemark>
        <Placemark id="1211">
            <name>Заброшенное здание (ru)</name>
            <description/>
            <Point id="1210">
                <coordinates>73.4420156,54.9842024,0.0</coordinates>
            </Point>
        </Placemark>
        <Placemark id="1213">
            <name>Долгострой (ru)</name>
            <description/>
            <Point id="1212">
                <coordinates>73.4380561,55.0328306,0.0</coordinates>
            </Point>
        </Placemark>
        <Placemark id="1215">
            <name>СНТ &quot;Берёзка&quot; (ru), уч. 304б</name>
            <description/>
            <Point id="1214">
                <coordinates>73.4708224,55.016834,0.0</coordinates>
            </Point>
        </Placemark>
        <Placemark id="1217">
            <name>Бывшее ремонтно-строительное управление (ru)</name>
            <description/>
            <Point id="1216">
                <coordinates>73.3349444,55.0064668,0.0</coordinates>
            </Point>
        </Placemark>
        <Placemark id="1219">
            <name>Бывшая котельная (ru)</name>
            <description/>
            <Point id="1218">
                <coordinates>73.4185951,54.9889864,0.0</coordinates>
            </Point>
        </Placemark>
        <Placemark id="1221">
            <name>Заброшенный недострой (ru)</name>
            <description/>
            <Point id="1220">
                <coordinates>73.336575,54.9892777,0.0</coordinates>
            </Point>
        </Placemark>
        <Placemark id="1223">
            <name>Пропарочная станция ЖД цеха (ru)</name>
            <description/>
            <Point id="1222">
                <coordinates>73.2548071,55.1084306,0.0</coordinates>
            </Point>
        </Placemark>
        <Placemark id="1225">
            <name>Заброшенный котлован (ru)</name>
            <description/>
            <Point id="1224">
                <coordinates>73.3316617,55.0380819,0.0</coordinates>
            </Point>
        </Placemark>
        <Placemark id="1227">
            <name>Спортзал (ru)</name>
            <description/>
            <Point id="1226">
                <coordinates>73.4986725,55.0318986,0.0</coordinates>
            </Point>
        </Placemark>
        <Placemark id="1229">
            <name>Заброшенный бетоносмеситель (ru)</name>
            <description/>
            <Point id="1228">
                <coordinates>73.2846675,55.0134076,0.0</coordinates>
            </Point>
        </Placemark>
        <Placemark id="1231">
            <name>Насосная ХПВ (ru)</name>
            <description/>
            <Point id="1230">
                <coordinates>73.2578235,55.1067761,0.0</coordinates>
            </Point>
        </Placemark>
        <Placemark id="1233">
            <name>СНТ &quot;Берёзка&quot; (ru), уч. 307в</name>
            <description/>
            <Point id="1232">
                <coordinates>73.4705837,55.0161702,0.0</coordinates>
            </Point>
        </Placemark>
        <Placemark id="1235">
            <name>Заброшенный бетоносмеситель (ru)</name>
            <description/>
            <Point id="1234">
                <coordinates>73.1563794,54.9970199,0.0</coordinates>
            </Point>
        </Placemark>
        <Placemark id="1237">
            <name>Недострой административного здания (ru)</name>
            <description/>
            <Point id="1236">
                <coordinates>73.3359987,55.0068821,0.0</coordinates>
            </Point>
        </Placemark>
        <Placemark id="1239">
            <name>Заброшенное здание (ru)</name>
            <description/>
            <Point id="1238">
                <coordinates>73.4399065,54.9937669,0.0</coordinates>
            </Point>
        </Placemark>
        <Placemark id="1241">
            <name>Бывший склад (ru)</name>
            <description/>
            <Point id="1240">
                <coordinates>73.4338268,55.0259873,0.0</coordinates>
            </Point>
        </Placemark>
        <Placemark id="1243">
            <name>Бывшее депо (ru)</name>
            <description/>
            <Point id="1242">
                <coordinates>73.2826426,55.0139855,0.0</coordinates>
            </Point>
        </Placemark>
        <Placemark id="1245">
            <name>Долгострой (ru)</name>
            <description/>
            <Point id="1244">
                <coordinates>73.4340033,55.0623131,0.0</coordinates>
            </Point>
        </Placemark>
        <Placemark id="1247">
            <name>Недостроенное здание (ru)</name>
            <description/>
            <Point id="1246">
                <coordinates>73.2064117,55.0324602,0.0</coordinates>
            </Point>
        </Placemark>
        <Placemark id="1249">
            <name>Бывший учебный корпус (ru)</name>
            <description/>
            <Point id="1248">
                <coordinates>73.2048008,54.9971092,0.0</coordinates>
            </Point>
        </Placemark>
        <Placemark id="1251">
            <name>Заброшенный участок (ru)</name>
            <description/>
            <Point id="1250">
                <coordinates>73.4616252,55.013645,0.0</coordinates>
            </Point>
        </Placemark>
        <Placemark id="1253">
            <name>Бывший сушильный цех (ru)</name>
            <description/>
            <Point id="1252">
                <coordinates>73.4505322,54.9991328,0.0</coordinates>
            </Point>
        </Placemark>
        <Placemark id="1255">
            <name>Заброшенное убежище (ru)</name>
            <description/>
            <Point id="1254">
                <coordinates>73.249324,55.0593594,0.0</coordinates>
            </Point>
        </Placemark>
        <Placemark id="1257">
            <name>Бомбоубежище (ru)</name>
            <description/>
            <Point id="1256">
                <coordinates>73.4651028,54.9995291,0.0</coordinates>
            </Point>
        </Placemark>
        <Placemark id="1259">
            <name>Заброшенное убежище сибзавода (ru)</name>
            <description/>
            <Point id="1258">
                <coordinates>73.3498736,55.0008573,0.0</coordinates>
            </Point>
        </Placemark>
        <Placemark id="1261">
            <name>Заброшенное бомбоубежище (ru)</name>
            <description/>
            <Point id="1260">
                <coordinates>73.4553007,55.0230287,0.0</coordinates>
            </Point>
        </Placemark>
        <Placemark id="1263">
            <name>Недостроенное подземное сооружение (ru)</name>
            <description/>
            <Point id="1262">
                <coordinates>73.309958,55.0834686,0.0</coordinates>
            </Point>
        </Placemark>
        <Placemark id="1265">
            <name>Заброшенное бомбоубежище 3/15 (ru)</name>
            <description/>
            <Point id="1264">
                <coordinates>73.5291588,55.0676704,0.0</coordinates>
            </Point>
        </Placemark>
        <Placemark id="1267">
            <name>Бывшие здание военкомата (ru)</name>
            <description/>
            <Point id="1266">
                <coordinates>73.392919,54.9880674,0.0</coordinates>
            </Point>
        </Placemark>
        <Placemark id="1269">
            <name>ЖД эстакада (ru)</name>
            <description/>
            <Point id="1268">
                <coordinates>73.435539,55.0281894,0.0</coordinates>
            </Point>
        </Placemark>
        <Placemark id="1271">
            <name>Бывший бетоносмеситель (ru)</name>
            <description/>
            <Point id="1270">
                <coordinates>73.4498186,54.9990504,0.0</coordinates>
            </Point>
        </Placemark>
        <Placemark id="1273">
            <name>Заброшенное здание (ru)</name>
            <description/>
            <Point id="1272">
                <coordinates>73.3995137,54.9911336,0.0</coordinates>
            </Point>
        </Placemark>
        <Placemark id="1275">
            <name>Заброшенное здание (ru)</name>
            <description/>
            <Point id="1274">
                <coordinates>73.2737221,55.0605488,0.0</coordinates>
            </Point>
        </Placemark>
        <Placemark id="1277">
            <name>Заброшенное подземное сооружение (ru)</name>
            <description/>
            <Point id="1276">
                <coordinates>73.3074384,55.0429633,0.0</coordinates>
            </Point>
        </Placemark>
        <Placemark id="1279">
            <name>Недостроенное здание (ru)</name>
            <description/>
            <Point id="1278">
                <coordinates>73.220627,54.9916592,0.0</coordinates>
            </Point>
        </Placemark>
        <Placemark id="1281">
            <name>СНТ &quot;Омь&quot; (ru), уч. 39</name>
            <description/>
            <Point id="1280">
                <coordinates>73.4480318,55.0060945,0.0</coordinates>
            </Point>
        </Placemark>
        <Placemark id="1283">
            <name>Заброшенное бомбоубежище (ru)</name>
            <description/>
            <Point id="1282">
                <coordinates>73.4636181,55.0310452,0.0</coordinates>
            </Point>
        </Placemark>
        <Placemark id="1285">
            <name>Заброшенный теплый переход (ru)</name>
            <description/>
            <Point id="1284">
                <coordinates>73.2079518,54.9956273,0.0</coordinates>
            </Point>
        </Placemark>
        <Placemark id="1287">
            <name>Заброшенная котельная (ru)</name>
            <description/>
            <Point id="1286">
                <coordinates>73.4043476,54.9957842,0.0</coordinates>
            </Point>
        </Placemark>
        <Placemark id="1289">
            <name>Заброшенный деревянный ангар (ru)</name>
            <description/>
            <Point id="1288">
                <coordinates>73.384265,54.9777399,0.0</coordinates>
            </Point>
        </Placemark>
        <Placemark id="1291">
            <name>ulitsa Lenina, 25</name>
            <description/>
            <Point id="1290">
                <coordinates>73.3779401,54.9788942,0.0</coordinates>
            </Point>
        </Placemark>
        <Placemark id="1293">
            <name>Цех технического обезораживания (ru)</name>
            <description/>
            <Point id="1292">
                <coordinates>73.4588127,54.9852025,0.0</coordinates>
            </Point>
        </Placemark>
        <Placemark id="1295">
            <name>Заброшенный корпус (ru)</name>
            <description/>
            <Point id="1294">
                <coordinates>73.392906,54.9883575,0.0</coordinates>
            </Point>
        </Placemark>
        <Placemark id="1297">
            <name>Штаб (ru)</name>
            <description/>
            <Point id="1296">
                <coordinates>73.4994552,55.0316292,0.0</coordinates>
            </Point>
        </Placemark>
        <Placemark id="1299">
            <name>Заброшенные клуб и библиотека (ru)</name>
            <description/>
            <Point id="1298">
                <coordinates>73.4996879,55.0324689,0.0</coordinates>
            </Point>
        </Placemark>
        <Placemark id="1301">
            <name>Недостроенный храм (ru)</name>
            <description/>
            <Point id="1300">
                <coordinates>73.4660074,54.9808655,0.0</coordinates>
            </Point>
        </Placemark>
        <Placemark id="1303">
            <name>Фундамент дома (ru)</name>
            <description/>
            <Point id="1302">
                <coordinates>73.3264561,55.0129372,0.0</coordinates>
            </Point>
        </Placemark>
        <Placemark id="1305">
            <name>Бывший пост ДПС (ru)</name>
            <description/>
            <Point id="1304">
                <coordinates>73.4830327,54.9925887,0.0</coordinates>
            </Point>
        </Placemark>
        <Placemark id="1307">
            <name>Заброшенный участок (ru)</name>
            <description/>
            <Point id="1306">
                <coordinates>73.4670459,55.018889,0.0</coordinates>
            </Point>
        </Placemark>
        <Placemark id="1309">
            <name>Заброшенный жилой дом (ru)</name>
            <description/>
            <Point id="1308">
                <coordinates>73.3499515,54.9976536,0.0</coordinates>
            </Point>
        </Placemark>
        <Placemark id="1311">
            <name>Недостроенный корпус (ru)</name>
            <description/>
            <Point id="1310">
                <coordinates>73.2135839,55.0320373,0.0</coordinates>
            </Point>
        </Placemark>
        <Placemark id="1313">
            <name>Заброшенные баня и прачечная (ru)</name>
            <description/>
            <Point id="1312">
                <coordinates>73.4984345,55.0298107,0.0</coordinates>
            </Point>
        </Placemark>
        <Placemark id="1315">
            <name>Недостроенное здание (ru)</name>
            <description/>
            <Point id="1314">
                <coordinates>73.3893975,54.9861354,0.0</coordinates>
            </Point>
        </Placemark>
        <Placemark id="1317">
            <name>Пультовая (ru)</name>
            <description/>
            <Point id="1316">
                <coordinates>73.2679748,55.0626539,0.0</coordinates>
            </Point>
        </Placemark>
        <Placemark id="1319">
            <name>Заброшенный детский сад (ru)</name>
            <description/>
            <Point id="1318">
                <coordinates>73.2723458,55.0370094,0.0</coordinates>
            </Point>
        </Placemark>
        <Placemark id="1321">
            <name>Заброшенный участок (ru)</name>
            <description/>
            <Point id="1320">
                <coordinates>73.4403298,55.007302,0.0</coordinates>
            </Point>
        </Placemark>
        <Placemark id="1323">
            <name>Заброшенное бомбоубежище (ru)</name>
            <description/>
            <Point id="1322">
                <coordinates>73.2799877,55.0653354,0.0</coordinates>
            </Point>
        </Placemark>
        <Placemark id="1325">
            <name>Недострой (ru)</name>
            <description/>
            <Point id="1324">
                <coordinates>73.3017599,55.0564974,0.0</coordinates>
            </Point>
        </Placemark>
        <Placemark id="1327">
            <name>Бывший дом врача М.И. Шершевского (ru)</name>
            <description/>
            <Point id="1326">
                <coordinates>73.389796,54.9786325,0.0</coordinates>
            </Point>
        </Placemark>
        <Placemark id="1329">
            <name>Склад (ru)</name>
            <description/>
            <Point id="1328">
                <coordinates>73.2613822,55.1115436,0.0</coordinates>
            </Point>
        </Placemark>
        <Placemark id="1331">
            <name>Недостроенное здание (ru)</name>
            <description/>
            <Point id="1330">
                <coordinates>73.429166,55.0166484,0.0</coordinates>
            </Point>
        </Placemark>
        <Placemark id="1333">
            <name>Заброшенное убежище судоремонтного завода (ru)</name>
            <description/>
            <Point id="1332">
                <coordinates>73.3271849,55.0112833,0.0</coordinates>
            </Point>
        </Placemark>
        <Placemark id="1335">
            <name>СНТ &quot;Омь&quot; (ru), уч. 10н</name>
            <description/>
            <Point id="1334">
                <coordinates>73.4353838,55.0064868,0.0</coordinates>
            </Point>
        </Placemark>
        <Placemark id="1337">
            <name>Заброшенное здание (ru)</name>
            <description/>
            <Point id="1336">
                <coordinates>73.5289494,55.0673001,0.0</coordinates>
            </Point>
        </Placemark>
        <Placemark id="1339">
            <name>Недостроенное здание (ru)</name>
            <description/>
            <Point id="1338">
                <coordinates>73.1982835,55.018858,0.0</coordinates>
            </Point>
        </Placemark>
        <Placemark id="1341">
            <name>Бывший склад фенола (ru)</name>
            <description/>
            <Point id="1340">
                <coordinates>73.2679293,55.0630004,0.0</coordinates>
            </Point>
        </Placemark>
        <Placemark id="1343">
            <name>СНТ «Незабудка» (ru), уч. 36/2</name>
            <description/>
            <Point id="1342">
                <coordinates>73.4521986,55.0159587,0.0</coordinates>
            </Point>
        </Placemark>
        <Placemark id="1345">
            <name>Бывшее овощехранилище (ru)</name>
            <description/>
            <Point id="1344">
                <coordinates>73.1560684,55.0844975,0.0</coordinates>
            </Point>
        </Placemark>
        <Placemark id="1347">
            <name>Недостроенный дом (ru)</name>
            <description/>
            <Point id="1346">
                <coordinates>73.2614366,55.0368425,0.0</coordinates>
            </Point>
        </Placemark>
        <Placemark id="1349">
            <name>Бомбоубежище (ru)</name>
            <description/>
            <Point id="1348">
                <coordinates>73.2303276,55.025662,0.0</coordinates>
            </Point>
        </Placemark>
        <Placemark id="1351">
            <name>Заброшенные силосы (ru)</name>
            <description/>
            <Point id="1350">
                <coordinates>73.4438093,54.9818448,0.0</coordinates>
            </Point>
        </Placemark>
        <Placemark id="1353">
            <name>Бывший штаб восстания (ru)</name>
            <description/>
            <Point id="1352">
                <coordinates>73.3698937,54.9966581,0.0</coordinates>
            </Point>
        </Placemark>
        <Placemark id="1355">
            <name>Заброшенные керамзитные силосы (ru)</name>
            <description/>
            <Point id="1354">
                <coordinates>73.5324038,55.070348,0.0</coordinates>
            </Point>
        </Placemark>
        <Placemark id="1357">
            <name>Заброшенное убежище (ru)</name>
            <description/>
            <Point id="1356">
                <coordinates>73.2547946,55.0507281,0.0</coordinates>
            </Point>
        </Placemark>
        <Placemark id="1359">
            <name>Заброшенное здание (ru)</name>
            <description/>
            <Point id="1358">
                <coordinates>73.195745,55.0365234,0.0</coordinates>
            </Point>
        </Placemark>
        <Placemark id="1361">
            <name>Аварийный дом (ru)</name>
            <description/>
            <Point id="1360">
                <coordinates>73.3962046,54.9815168,0.0</coordinates>
            </Point>
        </Placemark>
        <Placemark id="1363">
            <name>Недостроенная АЗС (ru)</name>
            <description/>
            <Point id="1362">
                <coordinates>73.4434337,55.0134147,0.0</coordinates>
            </Point>
        </Placemark>
        <Placemark id="1365">
            <name>Бывший гараж (ru)</name>
            <description/>
            <Point id="1364">
                <coordinates>73.4363891,55.0231658,0.0</coordinates>
            </Point>
        </Placemark>
        <Placemark id="1367">
            <name>Бывшее летнее кафе (ru)</name>
            <description/>
            <Point id="1366">
                <coordinates>73.3593301,54.9866346,0.0</coordinates>
            </Point>
        </Placemark>
        <Placemark id="1369">
            <name>Заброшенный резервуар (ru)</name>
            <description/>
            <Point id="1368">
                <coordinates>73.1492752,55.0591725,0.0</coordinates>
            </Point>
        </Placemark>
        <Placemark id="1371">
            <name>Бомбоубежище (ru)</name>
            <description/>
            <Point id="1370">
                <coordinates>73.3988006,55.0338733,0.0</coordinates>
            </Point>
        </Placemark>
        <Placemark id="1373">
            <name>Заброшенный санпропускник (ru)</name>
            <description/>
            <Point id="1372">
                <coordinates>73.1971327,55.0189715,0.0</coordinates>
            </Point>
        </Placemark>
        <Placemark id="1375">
            <name>Заброшенное здание (ru)</name>
            <description/>
            <Point id="1374">
                <coordinates>73.513585,54.9927537,0.0</coordinates>
            </Point>
        </Placemark>
        <Placemark id="1377">
            <name>Бывшее овощехранилище (ru)</name>
            <description/>
            <Point id="1376">
                <coordinates>73.3836996,54.9776883,0.0</coordinates>
            </Point>
        </Placemark>
        <Placemark id="1379">
            <name>Заброшенный склад глины (ru)</name>
            <description/>
            <Point id="1378">
                <coordinates>73.4560584,55.0034957,0.0</coordinates>
            </Point>
        </Placemark>
        <Placemark id="1381">
            <name>Фундамент (ru)</name>
            <description/>
            <Point id="1380">
                <coordinates>73.3955513,54.9813818,0.0</coordinates>
            </Point>
        </Placemark>
        <Placemark id="1383">
            <name>Бомбоубежище 1/64 (ru)</name>
            <description/>
            <Point id="1382">
                <coordinates>73.2762939,55.0537725,0.0</coordinates>
            </Point>
        </Placemark>
        <Placemark id="1385">
            <name>Заброшенное бомбоубежище (ru)</name>
            <description/>
            <Point id="1384">
                <coordinates>73.4483588,54.9973819,0.0</coordinates>
            </Point>
        </Placemark>
        <Placemark id="1387">
            <name>Заброшенная казарма (ru)</name>
            <description/>
            <Point id="1386">
                <coordinates>73.5434099,54.983952,0.0</coordinates>
            </Point>
        </Placemark>
        <Placemark id="1389">
            <name>Заброшенное бомбоубежище (ru)</name>
            <description/>
            <Point id="1388">
                <coordinates>73.5774055,55.0002389,0.0</coordinates>
            </Point>
        </Placemark>
        <Placemark id="1391">
            <name>Баня (ru)</name>
            <description/>
            <Point id="1390">
                <coordinates>73.4976419,55.030618,0.0</coordinates>
            </Point>
        </Placemark>
        <Placemark id="1393">
            <name>Заброшенное убежище (ru)</name>
            <description/>
            <Point id="1392">
                <coordinates>73.4169198,54.9894924,0.0</coordinates>
            </Point>
        </Placemark>
        <Placemark id="1395">
            <name>Бывшая трансформаторная подстанция (ru)</name>
            <description/>
            <Point id="1394">
                <coordinates>73.3495145,55.0004758,0.0</coordinates>
            </Point>
        </Placemark>
        <Placemark id="1397">
            <name>Недострой детского центра (ru)</name>
            <description/>
            <Point id="1396">
                <coordinates>73.3619713,55.0036136,0.0</coordinates>
            </Point>
        </Placemark>
        <Placemark id="1399">
            <name>Судомодельный канал дворца пионеров (ru)</name>
            <description/>
            <Point id="1398">
                <coordinates>73.3227056,55.0138019,0.0</coordinates>
            </Point>
        </Placemark>
        <Placemark id="1401">
            <name>Дом Хлебникова (ru)</name>
            <description/>
            <Point id="1400">
                <coordinates>73.3868694,54.9813201,0.0</coordinates>
            </Point>
        </Placemark>
        <Placemark id="1403">
            <name>Долгострой (ru)</name>
            <description/>
            <Point id="1402">
                <coordinates>73.2707629,55.0420289,0.0</coordinates>
            </Point>
        </Placemark>
        <Placemark id="1405">
            <name>Заброшенный дом (ru)</name>
            <description/>
            <Point id="1404">
                <coordinates>73.3908427,54.9802318,0.0</coordinates>
            </Point>
        </Placemark>
        <Placemark id="1407">
            <name>Заброшенное бомбоубежище (ru)</name>
            <description/>
            <Point id="1406">
                <coordinates>73.2628025,55.0609898,0.0</coordinates>
            </Point>
        </Placemark>
        <Placemark id="1409">
            <name>Заброшенное здание (ru)</name>
            <description/>
            <Point id="1408">
                <coordinates>73.3048357,54.9828762,0.0</coordinates>
            </Point>
        </Placemark>
        <Placemark id="1411">
            <name>Резервуар (ru)</name>
            <description/>
            <Point id="1410">
                <coordinates>73.251027,55.0839272,0.0</coordinates>
            </Point>
        </Placemark>
        <Placemark id="1413">
            <name>Бомбоубежище (ru)</name>
            <description/>
            <Point id="1412">
                <coordinates>73.1970226,55.0157426,0.0</coordinates>
            </Point>
        </Placemark>
        <Placemark id="1415">
            <name>Заброшенный ососбняк (ru)</name>
            <description/>
            <Point id="1414">
                <coordinates>73.3881962,54.9860721,0.0</coordinates>
            </Point>
        </Placemark>
        <Placemark id="1417">
            <name>Заброшенное бомбоубежище (ru)</name>
            <description/>
            <Point id="1416">
                <coordinates>73.1962326,55.0452122,0.0</coordinates>
            </Point>
        </Placemark>
        <Placemark id="1419">
            <name>Заброшенное здание (ru)</name>
            <description/>
            <Point id="1418">
                <coordinates>73.2058251,55.0068729,0.0</coordinates>
            </Point>
        </Placemark>
        <Placemark id="1421">
            <name>Заброшенное здание (ru)</name>
            <description/>
            <Point id="1420">
                <coordinates>73.1821881,55.0072808,0.0</coordinates>
            </Point>
        </Placemark>
        <Placemark id="1423">
            <name>Заброшенная насосная (ru)</name>
            <description/>
            <Point id="1422">
                <coordinates>73.5282593,55.0670468,0.0</coordinates>
            </Point>
        </Placemark>
        <Placemark id="1425">
            <name>Заброшенное бомбоубежище (ru)</name>
            <description/>
            <Point id="1424">
                <coordinates>73.4432618,55.0146647,0.0</coordinates>
            </Point>
        </Placemark>
        <Placemark id="1427">
            <name>Заброшенное убежище ОмЗМ (ru)</name>
            <description/>
            <Point id="1426">
                <coordinates>73.285075,55.0586869,0.0</coordinates>
            </Point>
        </Placemark>
        <Placemark id="1429">
            <name>Заброшенное здание (ru)</name>
            <description/>
            <Point id="1428">
                <coordinates>73.4148501,55.032743,0.0</coordinates>
            </Point>
        </Placemark>
        <Placemark id="1431">
            <name>Бывшая компрессорная (ru)</name>
            <description/>
            <Point id="1430">
                <coordinates>73.4342345,55.0264472,0.0</coordinates>
            </Point>
        </Placemark>
        <Placemark id="1433">
            <name>Заброшенные керамзитные силосы (ru)</name>
            <description/>
            <Point id="1432">
                <coordinates>73.4670005,55.0301222,0.0</coordinates>
            </Point>
        </Placemark>
        <Placemark id="1435">
            <name>Заброшенное здание (ru)</name>
            <description/>
            <Point id="1434">
                <coordinates>73.525838,55.0667475,0.0</coordinates>
            </Point>
        </Placemark>
        <Placemark id="1437">
            <name>Заброшенное бомбоубежище (ru)</name>
            <description/>
            <Point id="1436">
                <coordinates>73.2889418,54.9800379,0.0</coordinates>
            </Point>
        </Placemark>
        <Placemark id="1439">
            <name>Заброшенные силосы (ru)</name>
            <description/>
            <Point id="1438">
                <coordinates>73.5220322,55.0652538,0.0</coordinates>
            </Point>
        </Placemark>
        <Placemark id="1441">
            <name>АБК (ru)</name>
            <description/>
            <Point id="1440">
                <coordinates>73.4426539,54.9818656,0.0</coordinates>
            </Point>
        </Placemark>
        <Placemark id="1443">
            <name>Заброшенное здание (ru)</name>
            <description/>
            <Point id="1442">
                <coordinates>73.3993778,55.0345032,0.0</coordinates>
            </Point>
        </Placemark>
        <Placemark id="1445">
            <name>Заброшенное убежище (ru)</name>
            <description/>
            <Point id="1444">
                <coordinates>73.1926291,55.0044463,0.0</coordinates>
            </Point>
        </Placemark>
        <Placemark id="1447">
            <name>Бомбоубежище биофабрики (ru)</name>
            <description/>
            <Point id="1446">
                <coordinates>73.4552977,54.9940362,0.0</coordinates>
            </Point>
        </Placemark>
        <Placemark id="1449">
            <name>Заброшенное бомбоубежище (ru)</name>
            <description/>
            <Point id="1448">
                <coordinates>73.2676538,55.0620491,0.0</coordinates>
            </Point>
        </Placemark>
        <Placemark id="1451">
            <name>Заброшенное здание (ru)</name>
            <description/>
            <Point id="1450">
                <coordinates>73.2139312,54.9814453,0.0</coordinates>
            </Point>
        </Placemark>
        <Placemark id="1453">
            <name>Резервуар для воды (ru)</name>
            <description/>
            <Point id="1452">
                <coordinates>73.3995795,55.0337667,0.0</coordinates>
            </Point>
        </Placemark>
        <Placemark id="1455">
            <name>Заброшенное бомбоубежище (ru)</name>
            <description/>
            <Point id="1454">
                <coordinates>73.1928182,54.9964211,0.0</coordinates>
            </Point>
        </Placemark>
        <Placemark id="1457">
            <name>Заброшенный дом (ru)</name>
            <description/>
            <Point id="1456">
                <coordinates>73.3904933,54.980215,0.0</coordinates>
            </Point>
        </Placemark>
        <Placemark id="1459">
            <name>Чайная (ru)</name>
            <description/>
            <Point id="1458">
                <coordinates>73.4977569,55.0316199,0.0</coordinates>
            </Point>
        </Placemark>
        <Placemark id="1461">
            <name>Заброшенное караульное помещение (ru)</name>
            <description/>
            <Point id="1460">
                <coordinates>73.5546346,54.9869015,0.0</coordinates>
            </Point>
        </Placemark>
        <Placemark id="1463">
            <name>Заброшенное здание (ru)</name>
            <description/>
            <Point id="1462">
                <coordinates>73.4006429,55.0045382,0.0</coordinates>
            </Point>
        </Placemark>
        <Placemark id="1465">
            <name>Заброшенный снегоочиститель (ru)</name>
            <description/>
            <Point id="1464">
                <coordinates>73.5171502,55.0607379,0.0</coordinates>
            </Point>
        </Placemark>
        <Placemark id="1467">
            <name>Бомбоубежище бывшего мясокомбината (ru)</name>
            <description/>
            <Point id="1466">
                <coordinates>73.2096812,55.0006412,0.0</coordinates>
            </Point>
        </Placemark>
        <Placemark id="1469">
            <name>Заброшенное бомбоубежище 1/56 (ru)</name>
            <description/>
            <Point id="1468">
                <coordinates>73.28746,55.0694588,0.0</coordinates>
            </Point>
        </Placemark>
        <Placemark id="1471">
            <name>Бывшая дробилка (ru)</name>
            <description/>
            <Point id="1470">
                <coordinates>73.2672061,55.0625031,0.0</coordinates>
            </Point>
        </Placemark>
        <Placemark id="1473">
            <name>Заброшенная аудитория (ru)</name>
            <description/>
            <Point id="1472">
                <coordinates>73.3785875,55.0445943,0.0</coordinates>
            </Point>
        </Placemark>
        <Placemark id="1475">
            <name>Заброшенная штаб-казарма (ru)</name>
            <description/>
            <Point id="1474">
                <coordinates>73.5539053,54.9868008,0.0</coordinates>
            </Point>
        </Placemark>
        <Placemark id="1477">
            <name>Заброшенное бомбоубежище (ru)</name>
            <description/>
            <Point id="1476">
                <coordinates>73.4339957,55.0255491,0.0</coordinates>
            </Point>
        </Placemark>
        <Placemark id="1479">
            <name>Бывший склад (ru)</name>
            <description/>
            <Point id="1478">
                <coordinates>73.5434148,54.9836929,0.0</coordinates>
            </Point>
        </Placemark>
        <Placemark id="1481">
            <name>Заброшенное бомбоубежище 1/58 (ru)</name>
            <description/>
            <Point id="1480">
                <coordinates>73.2662464,55.062562,0.0</coordinates>
            </Point>
        </Placemark>
        <Placemark id="1483">
            <name>Заброшенное убежище (ru)</name>
            <description/>
            <Point id="1482">
                <coordinates>73.3745627,54.9873449,0.0</coordinates>
            </Point>
        </Placemark>
        <Placemark id="1485">
            <name>Заброшенная трамвайная остановка «Зелёный бульвар» (ru)</name>
            <description/>
            <Point id="1484">
                <coordinates>73.2838341,55.0039151,0.0</coordinates>
            </Point>
        </Placemark>
        <Placemark id="1487">
            <name>Заброшенное депо (ru)</name>
            <description/>
            <Point id="1486">
                <coordinates>73.2031356,55.0028291,0.0</coordinates>
            </Point>
        </Placemark>
        <Placemark id="1489">
            <name>Дореволюционный барак (ru)</name>
            <description/>
            <Point id="1488">
                <coordinates>73.3960288,54.9846599,0.0</coordinates>
            </Point>
        </Placemark>
        <Placemark id="1491">
            <name>Заброшенная теплица (ru)</name>
            <description/>
            <Point id="1490">
                <coordinates>73.379481,55.0447996,0.0</coordinates>
            </Point>
        </Placemark>
        <Placemark id="1493">
            <name>Заброшенное бомбоубежище (ru)</name>
            <description/>
            <Point id="1492">
                <coordinates>73.2868896,55.0567287,0.0</coordinates>
            </Point>
        </Placemark>
        <Placemark id="1495">
            <name>Заброшенное бомбоубежище (ru)</name>
            <description/>
            <Point id="1494">
                <coordinates>73.2308683,55.0317604,0.0</coordinates>
            </Point>
        </Placemark>
        <Placemark id="1497">
            <name>Заброшенный дом (ru)</name>
            <description/>
            <Point id="1496">
                <coordinates>73.3905438,54.9800541,0.0</coordinates>
            </Point>
        </Placemark>
        <Placemark id="1499">
            <name>Заброшенный транспортёр (ru)</name>
            <description/>
            <Point id="1498">
                <coordinates>73.4689771,55.0317402,0.0</coordinates>
            </Point>
        </Placemark>
        <Placemark id="1501">
            <name>Заброшенное убежище (ru)</name>
            <description/>
            <Point id="1500">
                <coordinates>73.2869168,55.0692357,0.0</coordinates>
            </Point>
        </Placemark>
        <Placemark id="1503">
            <name>Заброшенное бомбоубежище (ru)</name>
            <description/>
            <Point id="1502">
                <coordinates>73.2866462,55.0569627,0.0</coordinates>
            </Point>
        </Placemark>
        <Placemark id="1505">
            <name>Заброшенный подземный резервуар (ru)</name>
            <description/>
            <Point id="1504">
                <coordinates>73.1910595,55.0128365,0.0</coordinates>
            </Point>
        </Placemark>
        <Placemark id="1507">
            <name>Заброшенный фонтан (ru)</name>
            <description/>
            <Point id="1506">
                <coordinates>73.2955322,55.0426703,0.0</coordinates>
            </Point>
        </Placemark>
        <Placemark id="1509">
            <name>Каркас градирни (ru)</name>
            <description/>
            <Point id="1508">
                <coordinates>73.4479863,55.0111156,0.0</coordinates>
            </Point>
        </Placemark>
        <Placemark id="1511">
            <name>Зодиакальный круг (ru)</name>
            <description/>
            <Point id="1510">
                <coordinates>73.3220181,55.0131883,0.0</coordinates>
            </Point>
        </Placemark>
        <Placemark id="1513">
            <name>ulitsa Dvadtsat Vtorogo Partsyezda, уч. 21</name>
            <description/>
            <Point id="1512">
                <coordinates>73.4505906,55.0136867,0.0</coordinates>
            </Point>
        </Placemark>
        <Placemark id="1515">
            <name>Заброшенные силосы (ru)</name>
            <description/>
            <Point id="1514">
                <coordinates>73.44359,54.9823428,0.0</coordinates>
            </Point>
        </Placemark>
        <Placemark id="1517">
            <name>Заброшенный агрокласс (ru)</name>
            <description/>
            <Point id="1516">
                <coordinates>73.3796328,55.0441896,0.0</coordinates>
            </Point>
        </Placemark>
        <Placemark id="1519">
            <name>Дореволюционный барак (ru)</name>
            <description/>
            <Point id="1518">
                <coordinates>73.3963558,54.9846891,0.0</coordinates>
            </Point>
        </Placemark>
        <Placemark id="1521">
            <name>Заброшенная трансформаторная подстанция (ru)</name>
            <description/>
            <Point id="1520">
                <coordinates>73.453489,54.995385,0.0</coordinates>
            </Point>
        </Placemark>
        <Placemark id="1523">
            <name>Заброшенный дом (ru)</name>
            <description/>
            <Point id="1522">
                <coordinates>73.3885403,54.9886344,0.0</coordinates>
            </Point>
        </Placemark>
        <Placemark id="1525">
            <name>Причал (ru)</name>
            <description/>
            <Point id="1524">
                <coordinates>73.1587997,55.0496056,0.0</coordinates>
            </Point>
        </Placemark>
        <Placemark id="1527">
            <name>Заброшенное здание (ru)</name>
            <description/>
            <Point id="1526">
                <coordinates>73.1466118,55.032796,0.0</coordinates>
            </Point>
        </Placemark>
        <Placemark id="1529">
            <name>Баня (ru)</name>
            <description/>
            <Point id="1528">
                <coordinates>73.2692952,55.0631391,0.0</coordinates>
            </Point>
        </Placemark>
        <Placemark id="1531">
            <name>Лаборатория котельной (ru)</name>
            <description/>
            <Point id="1530">
                <coordinates>73.4554368,54.9876197,0.0</coordinates>
            </Point>
        </Placemark>
        <Placemark id="1533">
            <name>Заброшенное убежище дома Облисполкома (ru)</name>
            <description/>
            <Point id="1532">
                <coordinates>73.3744467,54.9875286,0.0</coordinates>
            </Point>
        </Placemark>
        <Placemark id="1535">
            <name>Заброшенная дробильно-сортировочная установка (ru)</name>
            <description/>
            <Point id="1534">
                <coordinates>73.3215913,55.0385474,0.0</coordinates>
            </Point>
        </Placemark>
        <Placemark id="1537">
            <name>Бывший водозабор (ru)</name>
            <description/>
            <Point id="1536">
                <coordinates>73.2717958,55.0223772,0.0</coordinates>
            </Point>
        </Placemark>
        <Placemark id="1539">
            <name>Заброшенное здание (ru)</name>
            <description/>
            <Point id="1538">
                <coordinates>73.3585185,55.0266691,0.0</coordinates>
            </Point>
        </Placemark>
        <Placemark id="1541">
            <name>Наливная эстакада (ru)</name>
            <description/>
            <Point id="1540">
                <coordinates>73.2515862,55.1070223,0.0</coordinates>
            </Point>
        </Placemark>
        <Placemark id="1543">
            <name>Заброшенное двухэтажное здание (ru)</name>
            <description/>
            <Point id="1542">
                <coordinates>73.4070796,55.0451682,0.0</coordinates>
            </Point>
        </Placemark>
        <Placemark id="1545">
            <name>Бывшая водонасосная (ru)</name>
            <description/>
            <Point id="1544">
                <coordinates>73.3993301,55.0337662,0.0</coordinates>
            </Point>
        </Placemark>
        <Placemark id="1547">
            <name>Заброшенный склад химикатов (ru)</name>
            <description/>
            <Point id="1546">
                <coordinates>73.3282889,55.0298647,0.0</coordinates>
            </Point>
        </Placemark>
        <Placemark id="1549">
            <name>Заброшенный бетоносмеситель (ru)</name>
            <description/>
            <Point id="1548">
                <coordinates>73.1809888,54.9993883,0.0</coordinates>
            </Point>
        </Placemark>
        <Placemark id="1551">
            <name>Бывшая мазутонасосная (ru)</name>
            <description/>
            <Point id="1550">
                <coordinates>73.3999602,55.0333857,0.0</coordinates>
            </Point>
        </Placemark>
        <Placemark id="1553">
            <name>Заброшенная будка (ru)</name>
            <description/>
            <Point id="1552">
                <coordinates>73.3969912,55.0066556,0.0</coordinates>
            </Point>
        </Placemark>
        <Placemark id="1555">
            <name>Заброшенное здание (ru)</name>
            <description/>
            <Point id="1554">
                <coordinates>73.4402872,54.993478,0.0</coordinates>
            </Point>
        </Placemark>
        <Placemark id="1557">
            <name>Бывшая тяговая подстанция трамвая (ru)</name>
            <description/>
            <Point id="1556">
                <coordinates>73.2857273,55.0931174,0.0</coordinates>
            </Point>
        </Placemark>
        <Placemark id="1559">
            <name>Бывшее учебные помещения (ru)</name>
            <description/>
            <Point id="1558">
                <coordinates>73.5430986,54.9839277,0.0</coordinates>
            </Point>
        </Placemark>
        <Placemark id="1561">
            <name>Отстойник (ru)</name>
            <description/>
            <Point id="1560">
                <coordinates>73.4584105,54.9846499,0.0</coordinates>
            </Point>
        </Placemark>
        <Placemark id="1563">
            <name>Бывший медпункт (ru)</name>
            <description/>
            <Point id="1562">
                <coordinates>73.542671,54.9845308,0.0</coordinates>
            </Point>
        </Placemark>
        <Placemark id="1565">
            <name>КНС (ru)</name>
            <description/>
            <Point id="1564">
                <coordinates>73.4346542,55.0259104,0.0</coordinates>
            </Point>
        </Placemark>
        <Placemark id="1567">
            <name>Заброшенная бетонная ёмкость (ru)</name>
            <description/>
            <Point id="1566">
                <coordinates>73.4355474,55.0061437,0.0</coordinates>
            </Point>
        </Placemark>
        <Placemark id="1569">
            <name>&quot;Irtysh steamship line&quot;</name>
            <description/>
            <Point id="1568">
                <coordinates>73.3716346,54.9797454,0.0</coordinates>
            </Point>
        </Placemark>
        <Placemark id="1571">
            <name>Недостроенный дом (ru)</name>
            <description/>
            <Point id="1570">
                <coordinates>73.5430143,55.0234434,0.0</coordinates>
            </Point>
        </Placemark>
        <Placemark id="1573">
            <name>Заброшенная вентшахта метро (ru)</name>
            <description/>
            <Point id="1572">
                <coordinates>73.3448278,54.9872587,0.0</coordinates>
            </Point>
        </Placemark>
        <Placemark id="1575">
            <name>Заброшенная ТП-42 (ru)</name>
            <description/>
            <Point id="1574">
                <coordinates>73.2040714,54.9967372,0.0</coordinates>
            </Point>
        </Placemark>
        <Placemark id="1577">
            <name>Водонапорная башня (ru)</name>
            <description/>
            <Point id="1576">
                <coordinates>73.4497188,54.9936977,0.0</coordinates>
            </Point>
        </Placemark>
        <Placemark id="1579">
            <name>Заброшенное здание (ru)</name>
            <description/>
            <Point id="1578">
                <coordinates>73.3846684,54.99094,0.0</coordinates>
            </Point>
        </Placemark>
        <Placemark id="1581">
            <name>Сливная эстакада (ru)</name>
            <description/>
            <Point id="1580">
                <coordinates>73.2501399,55.1067087,0.0</coordinates>
            </Point>
        </Placemark>
        <Placemark id="1583">
            <name>Заброшенный КПП (ru)</name>
            <description/>
            <Point id="1582">
                <coordinates>73.4369932,55.0231361,0.0</coordinates>
            </Point>
        </Placemark>
        <Placemark id="1585">
            <name>Бывшие заборные сооружения Омской ТЭЦ (ru)</name>
            <description/>
            <Point id="1584">
                <coordinates>73.371031,54.9822606,0.0</coordinates>
            </Point>
        </Placemark>
        <Placemark id="1587">
            <name>Цистерна из-под мазута (ru)</name>
            <description/>
            <Point id="1586">
                <coordinates>73.527279,55.0666097,0.0</coordinates>
            </Point>
        </Placemark>
        <Placemark id="1589">
            <name>Заброшенное здание (ru)</name>
            <description/>
            <Point id="1588">
                <coordinates>73.386174,54.9890697,0.0</coordinates>
            </Point>
        </Placemark>
        <Placemark id="1591">
            <name>Угольная дробилка (ru)</name>
            <description/>
            <Point id="1590">
                <coordinates>73.4556447,54.9874983,0.0</coordinates>
            </Point>
        </Placemark>
        <Placemark id="1593">
            <name>Заброшенная вентшахта метро (ru)</name>
            <description/>
            <Point id="1592">
                <coordinates>73.3188793,54.980726,0.0</coordinates>
            </Point>
        </Placemark>
        <Placemark id="1595">
            <name>Будка (ru)</name>
            <description/>
            <Point id="1594">
                <coordinates>73.2525699,55.0242319,0.0</coordinates>
            </Point>
        </Placemark>
        <Placemark id="1597">
            <name>Будка (ru)</name>
            <description/>
            <Point id="1596">
                <coordinates>73.4172477,55.0336705,0.0</coordinates>
            </Point>
        </Placemark>
        <Placemark id="1599">
            <name>Заброшенная вентшахта метро (ru)</name>
            <description/>
            <Point id="1598">
                <coordinates>73.3380427,54.9850304,0.0</coordinates>
            </Point>
        </Placemark>
        <Placemark id="1601">
            <name>Дымовая труба (ru)</name>
            <description/>
            <Point id="1600">
                <coordinates>73.4411036,54.9801094,0.0</coordinates>
            </Point>
        </Placemark>
        <Placemark id="1603">
            <name>Заброшенный дом (ru)</name>
            <description/>
            <Point id="1602">
                <coordinates>73.3082619,55.0362754,0.0</coordinates>
            </Point>
        </Placemark>
        <Placemark id="1605">
            <name>Заброшенная дымовая труба (ru)</name>
            <description/>
            <Point id="1604">
                <coordinates>73.5318873,55.0693617,0.0</coordinates>
            </Point>
        </Placemark>
        <Placemark id="1607">
            <name>Прожекторная осветительная мачта (ru)</name>
            <description/>
            <Point id="1606">
                <coordinates>73.2867935,55.0245466,0.0</coordinates>
            </Point>
        </Placemark>
        <Placemark id="1609">
            <name>Бетонная ёмкость (ru)</name>
            <description/>
            <Point id="1608">
                <coordinates>73.534533,55.02578,0.0</coordinates>
            </Point>
        </Placemark>
        <Placemark id="1611">
            <name>Дымовая труба (ru)</name>
            <description/>
            <Point id="1610">
                <coordinates>73.2005938,55.03688,0.0</coordinates>
            </Point>
        </Placemark>
        <Placemark id="1613">
            <name>Склад (ru)</name>
            <description/>
            <Point id="1612">
                <coordinates>73.5537752,54.9864744,0.0</coordinates>
            </Point>
        </Placemark>
        <Placemark id="1615">
            <name>Заброшенная вентшахта метро (ru)</name>
            <description/>
            <Point id="1614">
                <coordinates>73.3375954,54.9854314,0.0</coordinates>
            </Point>
        </Placemark>
        <Placemark id="1617">
            <name>Заброшенная дымовая труба (ru)</name>
            <description/>
            <Point id="1616">
                <coordinates>73.4672266,55.0292045,0.0</coordinates>
            </Point>
        </Placemark>
        <Placemark id="1619">
            <name>Заброшенная дымовая труба (ru)</name>
            <description/>
            <Point id="1618">
                <coordinates>73.3572966,54.9942347,0.0</coordinates>
            </Point>
        </Placemark>
        <Placemark id="1621">
            <name>Недостроенный жилой корпус (ru)</name>
            <description/>
            <Point id="1620">
                <coordinates>73.3783996,55.0440241,0.0</coordinates>
            </Point>
        </Placemark>
        <Placemark id="1623">
            <name>Заброшенная дымовая труба (ru)</name>
            <description/>
            <Point id="1622">
                <coordinates>73.3587545,55.025914,0.0</coordinates>
            </Point>
        </Placemark>
        <Placemark id="1625">
            <name>Деревянный домик (ru)</name>
            <description/>
            <Point id="1624">
                <coordinates>73.5278173,55.0677541,0.0</coordinates>
            </Point>
        </Placemark>
        <Placemark id="1627">
            <name>Заброшенная дымовая труба (ru)</name>
            <description/>
            <Point id="1626">
                <coordinates>73.4670405,55.0278466,0.0</coordinates>
            </Point>
        </Placemark>
        <Placemark id="1629">
            <name>Туалет (ru)</name>
            <description/>
            <Point id="1628">
                <coordinates>73.5548175,54.9865647,0.0</coordinates>
            </Point>
        </Placemark>
        <Placemark id="1631">
            <name>Дымовая труба (ru)</name>
            <description/>
            <Point id="1630">
                <coordinates>73.4588545,55.0107843,0.0</coordinates>
            </Point>
        </Placemark>
        <Placemark id="1633">
            <name>Недействующяя сотовая вышка (ru)</name>
            <description/>
            <Point id="1632">
                <coordinates>73.1678811,55.0063044,0.0</coordinates>
            </Point>
        </Placemark>
        <Placemark id="1635">
            <name>Дымовая труба (ru)</name>
            <description/>
            <Point id="1634">
                <coordinates>73.4040677,54.9958903,0.0</coordinates>
            </Point>
        </Placemark>
        <Placemark id="1637">
            <name>Дымовая труба (ru)</name>
            <description/>
            <Point id="1636">
                <coordinates>73.3994606,55.0335369,0.0</coordinates>
            </Point>
        </Placemark>
        <Placemark id="1639">
            <name>Заброшенная водонапорная башня (ru)</name>
            <description/>
            <Point id="1638">
                <coordinates>73.5286367,55.0674863,0.0</coordinates>
            </Point>
        </Placemark>
        <Placemark id="1641">
            <name>Дымовая труба (ru)</name>
            <description/>
            <Point id="1640">
                <coordinates>73.187608,54.9975242,0.0</coordinates>
            </Point>
        </Placemark>
        <Placemark id="1643">
            <name>Дымовая труба (ru)</name>
            <description/>
            <Point id="1642">
                <coordinates>73.1877956,54.9974304,0.0</coordinates>
            </Point>
        </Placemark>
        <Placemark id="1645">
            <name>Дымовая труба (ru)</name>
            <description/>
            <Point id="1644">
                <coordinates>73.455114,54.9879832,0.0</coordinates>
            </Point>
        </Placemark>
        <Placemark id="1647">
            <name>Дымовая труба (ru)</name>
            <description/>
            <Point id="1646">
                <coordinates>73.4952547,55.0343665,0.0</coordinates>
            </Point>
        </Placemark>
        <Placemark id="1649">
            <name>Дымовая труба (ru)</name>
            <description/>
            <Point id="1648">
                <coordinates>73.4417967,54.995798,0.0</coordinates>
            </Point>
        </Placemark>
        <Placemark id="1651">
            <name>Дымовая труба (ru)</name>
            <description/>
            <Point id="1650">
                <coordinates>73.4949141,55.0338644,0.0</coordinates>
            </Point>
        </Placemark>
        <Placemark id="1653">
            <name>Дымовая труба (ru)</name>
            <description/>
            <Point id="1652">
                <coordinates>73.4413678,54.9801796,0.0</coordinates>
            </Point>
        </Placemark>
        <Placemark id="1655">
            <name>Дымовая труба (ru)</name>
            <description/>
            <Point id="1654">
                <coordinates>73.2446258,55.0562398,0.0</coordinates>
            </Point>
        </Placemark>
        <Placemark id="1657">
            <name>Труба (ru)</name>
            <description/>
            <Point id="1656">
                <coordinates>73.2400828,55.0042917,0.0</coordinates>
            </Point>
        </Placemark>
        <Placemark id="1659">
            <name>Заброшенный фонтан (ru)</name>
            <description/>
            <Point id="1658">
                <coordinates>73.369973,54.9881517,0.0</coordinates>
            </Point>
        </Placemark>
    </Document>
</kml>
