<?xml version="1.0" encoding="UTF-8"?>
<kml xmlns="http://www.opengis.net/kml/2.2" xmlns:gx="http://www.google.com/kml/ext/2.2">
    <Document id="1239">
        <Placemark id="1241">
            <name>Бывшая торфоразработка (ru)</name>
            <description/>
            <Point id="1240">
                <coordinates>60.5460833,56.6200292,0.0</coordinates>
            </Point>
        </Placemark>
        <Placemark id="1243">
            <name>Бывший торфяник на реке Камышенке (ru)</name>
            <description/>
            <Point id="1242">
                <coordinates>61.3779543,56.6214852,0.0</coordinates>
            </Point>
        </Placemark>
        <Placemark id="1245">
            <name>Бывшая линия УЖД Свердловского ППЖТ (ru)</name>
            <description/>
            <Point id="1244">
                <coordinates>61.048099,57.0080285,0.0</coordinates>
            </Point>
        </Placemark>
        <Placemark id="1247">
            <name>Заросшие торфяные разрезы (ru)</name>
            <description/>
            <Point id="1246">
                <coordinates>60.6738745,56.6601764,0.0</coordinates>
            </Point>
        </Placemark>
        <Placemark id="1249">
            <name>Бывшая Калмацкая дорога (ru)</name>
            <description/>
            <Point id="1248">
                <coordinates>61.8033823,57.1329355,0.0</coordinates>
            </Point>
        </Placemark>
        <Placemark id="1251">
            <name>4-й карьер (ru)</name>
            <description/>
            <Point id="1250">
                <coordinates>60.8697082,57.0690078,0.0</coordinates>
            </Point>
        </Placemark>
        <Placemark id="1253">
            <name>Заброшенный коллективный сад «Берёзовая роща» (ru)</name>
            <description/>
            <Point id="1252">
                <coordinates>61.7266846,57.0463909,0.0</coordinates>
            </Point>
        </Placemark>
        <Placemark id="1255">
            <name>Клоповский рудник бурого железняка (ru)</name>
            <description/>
            <Point id="1254">
                <coordinates>60.4932545,56.9128424,0.0</coordinates>
            </Point>
        </Placemark>
        <Placemark id="1257">
            <name>Бывшее тепличное хозяйство ООО &quot;Золотое поле&quot; (ru)</name>
            <description/>
            <Point id="1256">
                <coordinates>61.3404464,56.5949456,0.0</coordinates>
            </Point>
        </Placemark>
        <Placemark id="1259">
            <name>Бывшая автодорога Асбест – Берёзовский (ru)</name>
            <description/>
            <Point id="1258">
                <coordinates>61.1731838,56.9998065,0.0</coordinates>
            </Point>
        </Placemark>
        <Placemark id="1261">
            <name>Разрезы (ru)</name>
            <description/>
            <Point id="1260">
                <coordinates>60.6349182,56.924334,0.0</coordinates>
            </Point>
        </Placemark>
        <Placemark id="1263">
            <name>Бывшее тепличное хозяйство «Логиново» (ru)</name>
            <description/>
            <Point id="1262">
                <coordinates>61.2940978,56.5941482,0.0</coordinates>
            </Point>
        </Placemark>
        <Placemark id="1265">
            <name>Недействующий (заброшенный) Екатеринбургский электровозоремонтный завод (ru)</name>
            <description/>
            <Point id="1264">
                <coordinates>60.6571309,56.8847153,0.0</coordinates>
            </Point>
        </Placemark>
        <Placemark id="1267">
            <name>Заброшенный питомник МУП «Зеленстрой» (ru)</name>
            <description/>
            <Point id="1266">
                <coordinates>60.7143758,56.7351743,0.0</coordinates>
            </Point>
        </Placemark>
        <Placemark id="1269">
            <name>Территория расформированной ремонтно-технической базы ВВС — войсковая часть 19091 (ru)</name>
            <description/>
            <Point id="1268">
                <coordinates>60.9332657,56.7977878,0.0</coordinates>
            </Point>
        </Placemark>
        <Placemark id="1271">
            <name>Территория расформированной войсковой части 40447 (ru)</name>
            <description/>
            <Point id="1270">
                <coordinates>60.9624266,56.7208928,0.0</coordinates>
            </Point>
        </Placemark>
        <Placemark id="1273">
            <name>Заброшенный Шабровский тальковый комбинат (ru)</name>
            <description/>
            <Point id="1272">
                <coordinates>60.6024742,56.6308185,0.0</coordinates>
            </Point>
        </Placemark>
        <Placemark id="1275">
            <name>Бывший ЗРД-н &quot;Монетный&quot; (ru)</name>
            <description/>
            <Point id="1274">
                <coordinates>60.8944567,57.0202452,0.0</coordinates>
            </Point>
        </Placemark>
        <Placemark id="1277">
            <name>Территория расформированной войсковой части 62890 (ru)</name>
            <description/>
            <Point id="1276">
                <coordinates>60.9409474,56.7306141,0.0</coordinates>
            </Point>
        </Placemark>
        <Placemark id="1279">
            <name>Гаражный комплекс (ru)</name>
            <description/>
            <Point id="1278">
                <coordinates>60.572007,56.9153705,0.0</coordinates>
            </Point>
        </Placemark>
        <Placemark id="1281">
            <name>Андреевский прииск (ru)</name>
            <description/>
            <Point id="1280">
                <coordinates>60.6558822,56.5937462,0.0</coordinates>
            </Point>
        </Placemark>
        <Placemark id="1283">
            <name>Бывший посёлок Круглыш (ru)</name>
            <description/>
            <Point id="1282">
                <coordinates>61.8283509,57.0324403,0.0</coordinates>
            </Point>
        </Placemark>
        <Placemark id="1285">
            <name>Бывший Грязновский тракт (ru)</name>
            <description/>
            <Point id="1284">
                <coordinates>61.6554718,56.8936774,0.0</coordinates>
            </Point>
        </Placemark>
        <Placemark id="1287">
            <name>Бывший посёлок Роговской (ru)</name>
            <description/>
            <Point id="1286">
                <coordinates>61.8137383,57.0543739,0.0</coordinates>
            </Point>
        </Placemark>
        <Placemark id="1289">
            <name>Старинные шахты (ru)</name>
            <description/>
            <Point id="1288">
                <coordinates>60.534582,56.6473323,0.0</coordinates>
            </Point>
        </Placemark>
        <Placemark id="1291">
            <name>Щебеночный завод &quot;БэстГранит&quot; (ru)</name>
            <description/>
            <Point id="1290">
                <coordinates>61.5509033,57.0398891,0.0</coordinates>
            </Point>
        </Placemark>
        <Placemark id="1293">
            <name>Бывший коллективный сад «Воин» (ru)</name>
            <description/>
            <Point id="1292">
                <coordinates>60.6739497,57.2016199,0.0</coordinates>
            </Point>
        </Placemark>
        <Placemark id="1295">
            <name>Заброшенная ферма КРС (ru)</name>
            <description/>
            <Point id="1294">
                <coordinates>61.7554914,56.5941955,0.0</coordinates>
            </Point>
        </Placemark>
        <Placemark id="1297">
            <name>Бывший пионерский лагерь «Искра» (ru)</name>
            <description/>
            <Point id="1296">
                <coordinates>61.0547163,56.5898243,0.0</coordinates>
            </Point>
        </Placemark>
        <Placemark id="1299">
            <name>Бывший лагерь военнопленных (ru)</name>
            <description/>
            <Point id="1298">
                <coordinates>61.4000987,57.2332564,0.0</coordinates>
            </Point>
        </Placemark>
        <Placemark id="1301">
            <name>Первомайский Южный промышленный квартал (ru)</name>
            <description/>
            <Point id="1300">
                <coordinates>60.8004748,56.6022813,0.0</coordinates>
            </Point>
        </Placemark>
        <Placemark id="1303">
            <name>Бывшая городская свалка (ru)</name>
            <description/>
            <Point id="1302">
                <coordinates>60.6730028,56.674594,0.0</coordinates>
            </Point>
        </Placemark>
        <Placemark id="1305">
            <name>Заброшенный молочный комплекс (ru)</name>
            <description/>
            <Point id="1304">
                <coordinates>60.8709257,56.9040037,0.0</coordinates>
            </Point>
        </Placemark>
        <Placemark id="1307">
            <name>Бывшее месторождение хромита</name>
            <description/>
            <Point id="1306">
                <coordinates>61.1296892,56.6123668,0.0</coordinates>
            </Point>
        </Placemark>
        <Placemark id="1309">
            <name>Заброшенное СПО № 125 «Лесной» (ru)</name>
            <description/>
            <Point id="1308">
                <coordinates>61.1008501,57.1719919,0.0</coordinates>
            </Point>
        </Placemark>
        <Placemark id="1311">
            <name>Бывший разъезд и разворотный треугольник (ru)</name>
            <description/>
            <Point id="1310">
                <coordinates>61.3559389,57.1710961,0.0</coordinates>
            </Point>
        </Placemark>
        <Placemark id="1313">
            <name>Территория бывшего Лесозавода (ru)</name>
            <description/>
            <Point id="1312">
                <coordinates>61.4577448,57.0730378,0.0</coordinates>
            </Point>
        </Placemark>
        <Placemark id="1315">
            <name>Территория бывшей воинской части (ru)</name>
            <description/>
            <Point id="1314">
                <coordinates>60.9644973,56.7233771,0.0</coordinates>
            </Point>
        </Placemark>
        <Placemark id="1317">
            <name>Бывший мраморный карьер (ru)</name>
            <description/>
            <Point id="1316">
                <coordinates>61.1978495,56.6235416,0.0</coordinates>
            </Point>
        </Placemark>
        <Placemark id="1319">
            <name>Заброшенный карьер (ru)</name>
            <description/>
            <Point id="1318">
                <coordinates>61.1206126,56.7664492,0.0</coordinates>
            </Point>
        </Placemark>
        <Placemark id="1321">
            <name>Остатки первой полосы аэропорта (ru)</name>
            <description/>
            <Point id="1320">
                <coordinates>60.8117831,56.7424216,0.0</coordinates>
            </Point>
        </Placemark>
        <Placemark id="1323">
            <name>Заброшенный учебный полигон войсковой части 03430 (ru)</name>
            <description/>
            <Point id="1322">
                <coordinates>60.6402289,56.9579516,0.0</coordinates>
            </Point>
        </Placemark>
        <Placemark id="1325">
            <name>Просека от узкоколейной железной дороги (ru)</name>
            <description/>
            <Point id="1324">
                <coordinates>61.6001379,57.069153,0.0</coordinates>
            </Point>
        </Placemark>
        <Placemark id="1327">
            <name>Золотой прииск (ru)</name>
            <description/>
            <Point id="1326">
                <coordinates>61.4353268,57.1460595,0.0</coordinates>
            </Point>
        </Placemark>
        <Placemark id="1329">
            <name>Бывший детский лагерь «Красная горка» (ru)</name>
            <description/>
            <Point id="1328">
                <coordinates>60.9066569,56.7014664,0.0</coordinates>
            </Point>
        </Placemark>
        <Placemark id="1331">
            <name>Бывшие позиции С-300 (ru)</name>
            <description/>
            <Point id="1330">
                <coordinates>60.8961398,57.020994,0.0</coordinates>
            </Point>
        </Placemark>
        <Placemark id="1333">
            <name>Заброшенная ферма (ru)</name>
            <description/>
            <Point id="1332">
                <coordinates>60.8138965,56.658591,0.0</coordinates>
            </Point>
        </Placemark>
        <Placemark id="1335">
            <name>Бывшая линия Асбестовской УЖД Лесозавод - 105 квартал (ru)</name>
            <description/>
            <Point id="1334">
                <coordinates>61.4262503,57.1565317,0.0</coordinates>
            </Point>
        </Placemark>
        <Placemark id="1337">
            <name>Бывший пионерский лагерь «Берёзки» завода Уралэлектротяжмаш (ru)</name>
            <description/>
            <Point id="1336">
                <coordinates>60.5147847,57.122922,0.0</coordinates>
            </Point>
        </Placemark>
        <Placemark id="1339">
            <name>Бывший пионерский лагерь «Солнечный берег» (ru)</name>
            <description/>
            <Point id="1338">
                <coordinates>61.6342583,56.9347193,0.0</coordinates>
            </Point>
        </Placemark>
        <Placemark id="1341">
            <name>Бывшая ветка узкоколейной железной дороги (ru)</name>
            <description/>
            <Point id="1340">
                <coordinates>61.6014709,57.0886823,0.0</coordinates>
            </Point>
        </Placemark>
        <Placemark id="1343">
            <name>ООО &quot;Максимум про&quot; (ru)</name>
            <description/>
            <Point id="1342">
                <coordinates>61.4733142,56.9819733,0.0</coordinates>
            </Point>
        </Placemark>
        <Placemark id="1345">
            <name>Заброшенный военный объект «Рассвет» РЛС (ru)</name>
            <description/>
            <Point id="1344">
                <coordinates>61.0478228,57.0330564,0.0</coordinates>
            </Point>
        </Placemark>
        <Placemark id="1347">
            <name>Старая городская свалка (ru)</name>
            <description/>
            <Point id="1346">
                <coordinates>61.512655,56.9651521,0.0</coordinates>
            </Point>
        </Placemark>
        <Placemark id="1349">
            <name>Недействующая база Уралавтодора (ru)</name>
            <description/>
            <Point id="1348">
                <coordinates>60.7188042,56.6754951,0.0</coordinates>
            </Point>
        </Placemark>
        <Placemark id="1351">
            <name>Заброшенный пионерский лагерь «Факел» (ru)</name>
            <description/>
            <Point id="1350">
                <coordinates>60.8533138,56.8001333,0.0</coordinates>
            </Point>
        </Placemark>
        <Placemark id="1353">
            <name>Заброшенное кладбище (ru)</name>
            <description/>
            <Point id="1352">
                <coordinates>60.8133414,56.7052623,0.0</coordinates>
            </Point>
        </Placemark>
        <Placemark id="1355">
            <name>Бывшие стартовые позиции C-75 (ru)</name>
            <description/>
            <Point id="1354">
                <coordinates>60.9425437,56.7299621,0.0</coordinates>
            </Point>
        </Placemark>
        <Placemark id="1357">
            <name>Заброшенная территория Шувакишского кирпичного завода (ru)</name>
            <description/>
            <Point id="1356">
                <coordinates>60.5735734,56.9182576,0.0</coordinates>
            </Point>
        </Placemark>
        <Placemark id="1359">
            <name>Старый карьер (ru)</name>
            <description/>
            <Point id="1358">
                <coordinates>61.7337441,56.7762203,0.0</coordinates>
            </Point>
        </Placemark>
        <Placemark id="1361">
            <name>Гранитный карьер (ru)</name>
            <description/>
            <Point id="1360">
                <coordinates>60.8769607,56.7570106,0.0</coordinates>
            </Point>
        </Placemark>
        <Placemark id="1363">
            <name>Заброшенный тальковый карьер «Григорьевская горка» (ru)</name>
            <description/>
            <Point id="1362">
                <coordinates>60.6096035,56.6237674,0.0</coordinates>
            </Point>
        </Placemark>
        <Placemark id="1365">
            <name>Законсервированное месторождение родонита (ru)</name>
            <description/>
            <Point id="1364">
                <coordinates>60.7823323,56.6635633,0.0</coordinates>
            </Point>
        </Placemark>
        <Placemark id="1367">
            <name>Бывший дом отдыха (ru)</name>
            <description/>
            <Point id="1366">
                <coordinates>61.0095691,56.6373033,0.0</coordinates>
            </Point>
        </Placemark>
        <Placemark id="1369">
            <name>Заброшенный свинарник (ru)</name>
            <description/>
            <Point id="1368">
                <coordinates>61.4248904,57.0042061,0.0</coordinates>
            </Point>
        </Placemark>
        <Placemark id="1371">
            <name>Старый аммональный склад (ru)</name>
            <description/>
            <Point id="1370">
                <coordinates>61.0367774,57.1667393,0.0</coordinates>
            </Point>
        </Placemark>
        <Placemark id="1373">
            <name>Бывшая ветка Асбестовской УЖД (ru)</name>
            <description/>
            <Point id="1372">
                <coordinates>61.4502292,57.087252,0.0</coordinates>
            </Point>
        </Placemark>
        <Placemark id="1375">
            <name>Бывший концлагерь (ru)</name>
            <description/>
            <Point id="1374">
                <coordinates>61.5516972,57.0843529,0.0</coordinates>
            </Point>
        </Placemark>
        <Placemark id="1377">
            <name>Antenna array &quot;Romashka&quot;</name>
            <description/>
            <Point id="1376">
                <coordinates>60.9262061,56.7882222,0.0</coordinates>
            </Point>
        </Placemark>
        <Placemark id="1379">
            <name>Заброшенный карьер (ru)</name>
            <description/>
            <Point id="1378">
                <coordinates>60.7249545,56.9401107,0.0</coordinates>
            </Point>
        </Placemark>
        <Placemark id="1381">
            <name>Место бывшего склада (ru)</name>
            <description/>
            <Point id="1380">
                <coordinates>61.8328463,57.0392763,0.0</coordinates>
            </Point>
        </Placemark>
        <Placemark id="1383">
            <name>Недействующий детский санаторий «Глядены» (ru)</name>
            <description/>
            <Point id="1382">
                <coordinates>61.8643677,56.9730384,0.0</coordinates>
            </Point>
        </Placemark>
        <Placemark id="1385">
            <name>Первомайско-Зверевский рудник (ru)</name>
            <description/>
            <Point id="1384">
                <coordinates>60.7353024,57.271156,0.0</coordinates>
            </Point>
        </Placemark>
        <Placemark id="1387">
            <name>Недостроенные коттеджи (ru)</name>
            <description/>
            <Point id="1386">
                <coordinates>60.6625018,56.7619874,0.0</coordinates>
            </Point>
        </Placemark>
        <Placemark id="1389">
            <name>Участок с недостроенными зданиями (ru)</name>
            <description/>
            <Point id="1388">
                <coordinates>60.4823648,57.0541494,0.0</coordinates>
            </Point>
        </Placemark>
        <Placemark id="1391">
            <name>Заброшенные сады (ru)</name>
            <description/>
            <Point id="1390">
                <coordinates>60.4904409,56.7965734,0.0</coordinates>
            </Point>
        </Placemark>
        <Placemark id="1393">
            <name>Замороженное строительство коттеджного поселка (ru)</name>
            <description/>
            <Point id="1392">
                <coordinates>60.6815859,56.7426556,0.0</coordinates>
            </Point>
        </Placemark>
        <Placemark id="1395">
            <name>Заброшенный карьер (ru)</name>
            <description/>
            <Point id="1394">
                <coordinates>61.061164,56.711172,0.0</coordinates>
            </Point>
        </Placemark>
        <Placemark id="1397">
            <name>Шахта водоотлива &quot;Северного&quot; карьера (ru)</name>
            <description/>
            <Point id="1396">
                <coordinates>61.5187596,57.0690179,0.0</coordinates>
            </Point>
        </Placemark>
        <Placemark id="1399">
            <name>Копь &quot;Семенинская&quot;. Кордон Режевского Природно-Минералогического Заказника (ru)</name>
            <description/>
            <Point id="1398">
                <coordinates>60.9838199,57.2577874,0.0</coordinates>
            </Point>
        </Placemark>
        <Placemark id="1401">
            <name>Бывшая узкоколейная железная дорога (ru)</name>
            <description/>
            <Point id="1400">
                <coordinates>61.6557481,57.0622403,0.0</coordinates>
            </Point>
        </Placemark>
        <Placemark id="1403">
            <name>Недостроенные заброшенные корпуса (ru)</name>
            <description/>
            <Point id="1402">
                <coordinates>60.5037528,56.97142,0.0</coordinates>
            </Point>
        </Placemark>
        <Placemark id="1405">
            <name>Заброшенная трасса для мотокросса (ru)</name>
            <description/>
            <Point id="1404">
                <coordinates>61.3884043,56.7666549,0.0</coordinates>
            </Point>
        </Placemark>
        <Placemark id="1407">
            <name>Заброшенная учебно-спортивная база «Юность России» (ru)</name>
            <description/>
            <Point id="1406">
                <coordinates>60.6576204,56.7448164,0.0</coordinates>
            </Point>
        </Placemark>
        <Placemark id="1409">
            <name>Бывший летний лагерь Свердловского СВУ (ru)</name>
            <description/>
            <Point id="1408">
                <coordinates>60.8838165,56.9356273,0.0</coordinates>
            </Point>
        </Placemark>
        <Placemark id="1411">
            <name>Заброшенный комплекс молочно-товарной фермы (ru)</name>
            <description/>
            <Point id="1410">
                <coordinates>60.900269,56.7954027,0.0</coordinates>
            </Point>
        </Placemark>
        <Placemark id="1413">
            <name>Бывшая ветка узкоколейной железной дороги (ru)</name>
            <description/>
            <Point id="1412">
                <coordinates>61.6121622,57.0588266,0.0</coordinates>
            </Point>
        </Placemark>
        <Placemark id="1415">
            <name>Старые каменоломни (ru)</name>
            <description/>
            <Point id="1414">
                <coordinates>60.7696186,56.8457801,0.0</coordinates>
            </Point>
        </Placemark>
        <Placemark id="1417">
            <name>Заброшенный карьер (ru)</name>
            <description/>
            <Point id="1416">
                <coordinates>60.725161,56.9299373,0.0</coordinates>
            </Point>
        </Placemark>
        <Placemark id="1419">
            <name>Недействующая база отдыха «Звёздочка» (ru)</name>
            <description/>
            <Point id="1418">
                <coordinates>60.5957137,57.031137,0.0</coordinates>
            </Point>
        </Placemark>
        <Placemark id="1421">
            <name>Остатки магистральной рулёжной дорожки (ru)</name>
            <description/>
            <Point id="1420">
                <coordinates>60.7999491,56.7409801,0.0</coordinates>
            </Point>
        </Placemark>
        <Placemark id="1423">
            <name>Бывшие коллективные сады (ru)</name>
            <description/>
            <Point id="1422">
                <coordinates>60.8780068,57.0528045,0.0</coordinates>
            </Point>
        </Placemark>
        <Placemark id="1425">
            <name>Сад № 11 (ru)</name>
            <description/>
            <Point id="1424">
                <coordinates>61.0995411,56.5811065,0.0</coordinates>
            </Point>
        </Placemark>
        <Placemark id="1427">
            <name>Заброшенный объект (ru)</name>
            <description/>
            <Point id="1426">
                <coordinates>60.5107962,56.9667781,0.0</coordinates>
            </Point>
        </Placemark>
        <Placemark id="1429">
            <name>Заброшенные очистные сооружения (ru)</name>
            <description/>
            <Point id="1428">
                <coordinates>61.458493,57.0370486,0.0</coordinates>
            </Point>
        </Placemark>
        <Placemark id="1431">
            <name>Бывший карьер (ru)</name>
            <description/>
            <Point id="1430">
                <coordinates>61.1303704,56.6634645,0.0</coordinates>
            </Point>
        </Placemark>
        <Placemark id="1433">
            <name>Просека на месте ветки Асбестовской УЖД (ru)</name>
            <description/>
            <Point id="1432">
                <coordinates>61.5902244,57.0584756,0.0</coordinates>
            </Point>
        </Placemark>
        <Placemark id="1435">
            <name>Заброшенная территория (ru)</name>
            <description/>
            <Point id="1434">
                <coordinates>60.5258273,56.8621909,0.0</coordinates>
            </Point>
        </Placemark>
        <Placemark id="1437">
            <name>Рудник (ru)</name>
            <description/>
            <Point id="1436">
                <coordinates>61.458276,56.944249,0.0</coordinates>
            </Point>
        </Placemark>
        <Placemark id="1439">
            <name>Бывший посёлок Малый Круглыш (ru)</name>
            <description/>
            <Point id="1438">
                <coordinates>61.8479739,57.0359782,0.0</coordinates>
            </Point>
        </Placemark>
        <Placemark id="1441">
            <name>Заброшенное подземное сооружение (ru)</name>
            <description/>
            <Point id="1440">
                <coordinates>60.6968611,56.8302873,0.0</coordinates>
            </Point>
        </Placemark>
        <Placemark id="1443">
            <name>Заброшенный прииск (ru)</name>
            <description/>
            <Point id="1442">
                <coordinates>60.7928949,56.8079975,0.0</coordinates>
            </Point>
        </Placemark>
        <Placemark id="1445">
            <name>ЗАО &quot;АПК Русская Зима&quot; (ru)</name>
            <description/>
            <Point id="1444">
                <coordinates>61.4221662,56.9989912,0.0</coordinates>
            </Point>
        </Placemark>
        <Placemark id="1447">
            <name>Агафуровский глиняный карьер (ru)</name>
            <description/>
            <Point id="1446">
                <coordinates>60.7321428,56.8132538,0.0</coordinates>
            </Point>
        </Placemark>
        <Placemark id="1449">
            <name>Бывшая лесовозная ветка Асбестовской УЖД (ru)</name>
            <description/>
            <Point id="1448">
                <coordinates>61.5674806,57.0743897,0.0</coordinates>
            </Point>
        </Placemark>
        <Placemark id="1451">
            <name>Бывшее МУП «Хлебозавод № 6 „Всеслав“» (ru)</name>
            <description/>
            <Point id="1450">
                <coordinates>60.6079351,56.790124,0.0</coordinates>
            </Point>
        </Placemark>
        <Placemark id="1453">
            <name>Просека от узкоколейки (ru)</name>
            <description/>
            <Point id="1452">
                <coordinates>61.5950738,57.0767204,0.0</coordinates>
            </Point>
        </Placemark>
        <Placemark id="1455">
            <name>Заброшенный карьер (ru)</name>
            <description/>
            <Point id="1454">
                <coordinates>60.5875395,56.6580368,0.0</coordinates>
            </Point>
        </Placemark>
        <Placemark id="1457">
            <name>Недостроенное производственное здание (ru)</name>
            <description/>
            <Point id="1456">
                <coordinates>61.321387,56.8518222,0.0</coordinates>
            </Point>
        </Placemark>
        <Placemark id="1459">
            <name>Территория бывшей железнодорожной станции Садовая (ru)</name>
            <description/>
            <Point id="1458">
                <coordinates>60.5661034,56.9283859,0.0</coordinates>
            </Point>
        </Placemark>
        <Placemark id="1461">
            <name>Заброшенный автослесарный цех (ru)</name>
            <description/>
            <Point id="1460">
                <coordinates>61.5604144,56.9928827,0.0</coordinates>
            </Point>
        </Placemark>
        <Placemark id="1463">
            <name>Неиспользуемый стадион (ru)</name>
            <description/>
            <Point id="1462">
                <coordinates>60.6666246,56.7711132,0.0</coordinates>
            </Point>
        </Placemark>
        <Placemark id="1465">
            <name>Бывшая база отдыха Асбестовского ремесленного училища (ru)</name>
            <description/>
            <Point id="1464">
                <coordinates>61.3641919,57.0303794,0.0</coordinates>
            </Point>
        </Placemark>
        <Placemark id="1467">
            <name>Месторождение орлеца (родонита) (ru)</name>
            <description/>
            <Point id="1466">
                <coordinates>60.7404042,56.6463374,0.0</coordinates>
            </Point>
        </Placemark>
        <Placemark id="1469">
            <name>Серпентинитовое месторождение (ru)</name>
            <description/>
            <Point id="1468">
                <coordinates>60.6746363,56.9131257,0.0</coordinates>
            </Point>
        </Placemark>
        <Placemark id="1471">
            <name>Бывший дивизион ПВО (ru)</name>
            <description/>
            <Point id="1470">
                <coordinates>60.5483767,56.6890052,0.0</coordinates>
            </Point>
        </Placemark>
        <Placemark id="1473">
            <name>Заброшенные площадки радиолокационной станции (ru)</name>
            <description/>
            <Point id="1472">
                <coordinates>60.8155033,56.7374836,0.0</coordinates>
            </Point>
        </Placemark>
        <Placemark id="1475">
            <name>Бывшая ветка Асбестовской узкоколейной железной дороги (ru)</name>
            <description/>
            <Point id="1474">
                <coordinates>61.4637047,57.0688384,0.0</coordinates>
            </Point>
        </Placemark>
        <Placemark id="1477">
            <name>Бывшая ветка Асбестовской узкоколейки (ru)</name>
            <description/>
            <Point id="1476">
                <coordinates>61.5838247,57.0714998,0.0</coordinates>
            </Point>
        </Placemark>
        <Placemark id="1479">
            <name>Заброшенные свинарники (ru)</name>
            <description/>
            <Point id="1478">
                <coordinates>60.8977639,56.6173496,0.0</coordinates>
            </Point>
        </Placemark>
        <Placemark id="1481">
            <name>Сохранившийся участок дороги в посёлок Пролетарский (ru)</name>
            <description/>
            <Point id="1480">
                <coordinates>61.4846258,57.048638,0.0</coordinates>
            </Point>
        </Placemark>
        <Placemark id="1483">
            <name>Заброшенная ферма (ru)</name>
            <description/>
            <Point id="1482">
                <coordinates>61.5816628,56.9319219,0.0</coordinates>
            </Point>
        </Placemark>
        <Placemark id="1485">
            <name>Бывший карьер (ru)</name>
            <description/>
            <Point id="1484">
                <coordinates>60.8579464,57.2598559,0.0</coordinates>
            </Point>
        </Placemark>
        <Placemark id="1487">
            <name>Старый гранитный карьер (ru)</name>
            <description/>
            <Point id="1486">
                <coordinates>61.2620829,56.7433543,0.0</coordinates>
            </Point>
        </Placemark>
        <Placemark id="1489">
            <name>Бывший Елизаветинский рудник (ru)</name>
            <description/>
            <Point id="1488">
                <coordinates>60.628277,56.7152409,0.0</coordinates>
            </Point>
        </Placemark>
        <Placemark id="1491">
            <name>Бывший железнодорожный разъезд (ru)</name>
            <description/>
            <Point id="1490">
                <coordinates>61.3154267,57.1539511,0.0</coordinates>
            </Point>
        </Placemark>
        <Placemark id="1493">
            <name>Заброшенные коровники (ru)</name>
            <description/>
            <Point id="1492">
                <coordinates>60.8906184,56.7945228,0.0</coordinates>
            </Point>
        </Placemark>
        <Placemark id="1495">
            <name>Просека Асбестовской узкоколейной железной дороги (ru)</name>
            <description/>
            <Point id="1494">
                <coordinates>61.6095793,57.0663028,0.0</coordinates>
            </Point>
        </Placemark>
        <Placemark id="1497">
            <name>Старый шламонакопитель (ru)</name>
            <description/>
            <Point id="1496">
                <coordinates>61.1198722,56.5903736,0.0</coordinates>
            </Point>
        </Placemark>
        <Placemark id="1499">
            <name>Шабровский прииск (ru)</name>
            <description/>
            <Point id="1498">
                <coordinates>60.6577318,56.5906526,0.0</coordinates>
            </Point>
        </Placemark>
        <Placemark id="1501">
            <name>Неиспользуемый плац (ru)</name>
            <description/>
            <Point id="1500">
                <coordinates>60.6648922,56.7708382,0.0</coordinates>
            </Point>
        </Placemark>
        <Placemark id="1503">
            <name>Огороженный пустырь (ru)</name>
            <description/>
            <Point id="1502">
                <coordinates>60.6068032,56.8190629,0.0</coordinates>
            </Point>
        </Placemark>
        <Placemark id="1505">
            <name>Недостроенная водно-спасательная станция (ru)</name>
            <description/>
            <Point id="1504">
                <coordinates>60.5171155,56.8600854,0.0</coordinates>
            </Point>
        </Placemark>
        <Placemark id="1507">
            <name>Недействующий автодром (ru)</name>
            <description/>
            <Point id="1506">
                <coordinates>60.8021245,56.8384381,0.0</coordinates>
            </Point>
        </Placemark>
        <Placemark id="1509">
            <name>Склад моделей (ru)</name>
            <description/>
            <Point id="1508">
                <coordinates>60.6086379,56.881281,0.0</coordinates>
            </Point>
        </Placemark>
        <Placemark id="1511">
            <name>Заброшенный склад удобрений (ru)</name>
            <description/>
            <Point id="1510">
                <coordinates>60.9050864,56.7875656,0.0</coordinates>
            </Point>
        </Placemark>
        <Placemark id="1513">
            <name>Заброшенный летний студенческий лагерь УрГУ (ru)</name>
            <description/>
            <Point id="1512">
                <coordinates>61.0594689,56.6146044,0.0</coordinates>
            </Point>
        </Placemark>
        <Placemark id="1515">
            <name>Бывшая лесовозная ветка Асбестовской узкоколейной железной дороги (ru)</name>
            <description/>
            <Point id="1514">
                <coordinates>61.5809547,57.0788546,0.0</coordinates>
            </Point>
        </Placemark>
        <Placemark id="1517">
            <name>Бывшая паровозная станция (ru)</name>
            <description/>
            <Point id="1516">
                <coordinates>61.3204479,56.767484,0.0</coordinates>
            </Point>
        </Placemark>
        <Placemark id="1519">
            <name>«Базальтовые» скалы (ru)</name>
            <description/>
            <Point id="1518">
                <coordinates>61.1982625,56.6163815,0.0</coordinates>
            </Point>
        </Placemark>
        <Placemark id="1521">
            <name>Заброшенный сквер (ru)</name>
            <description/>
            <Point id="1520">
                <coordinates>61.4726177,57.0084696,0.0</coordinates>
            </Point>
        </Placemark>
        <Placemark id="1523">
            <name>Старинный прииск (ru)</name>
            <description/>
            <Point id="1522">
                <coordinates>60.6609719,56.5891699,0.0</coordinates>
            </Point>
        </Placemark>
        <Placemark id="1525">
            <name>Бывший стадион (ru)</name>
            <description/>
            <Point id="1524">
                <coordinates>60.7685831,56.7929491,0.0</coordinates>
            </Point>
        </Placemark>
        <Placemark id="1527">
            <name>Бывшая линия Асбестовской УЖД (ru)</name>
            <description/>
            <Point id="1526">
                <coordinates>61.5798067,57.0625439,0.0</coordinates>
            </Point>
        </Placemark>
        <Placemark id="1529">
            <name>Заброшенные илоуплотнители (ru)</name>
            <description/>
            <Point id="1528">
                <coordinates>60.7212919,56.7474609,0.0</coordinates>
            </Point>
        </Placemark>
        <Placemark id="1531">
            <name>Бывшая ветка Асбестовской УЖД (ru)</name>
            <description/>
            <Point id="1530">
                <coordinates>61.434895,57.1661562,0.0</coordinates>
            </Point>
        </Placemark>
        <Placemark id="1533">
            <name>Кладбище сельскохозяйственной техники (ru)</name>
            <description/>
            <Point id="1532">
                <coordinates>61.3065835,56.9997698,0.0</coordinates>
            </Point>
        </Placemark>
        <Placemark id="1535">
            <name>Заброшенный (недействующий) литейный цех (ru)</name>
            <description/>
            <Point id="1534">
                <coordinates>60.6315924,56.8763803,0.0</coordinates>
            </Point>
        </Placemark>
        <Placemark id="1537">
            <name>Заброшенные свинарники (ru)</name>
            <description/>
            <Point id="1536">
                <coordinates>60.8971551,56.6184638,0.0</coordinates>
            </Point>
        </Placemark>
        <Placemark id="1539">
            <name>Рудник Трудовой Отдых (Грязновский): Михайловский разрез (ru)</name>
            <description/>
            <Point id="1538">
                <coordinates>61.4746534,56.9492283,0.0</coordinates>
            </Point>
        </Placemark>
        <Placemark id="1541">
            <name>Бывший &quot;ус&quot; Асбестовской УЖД (ru)</name>
            <description/>
            <Point id="1540">
                <coordinates>61.5782871,57.0615717,0.0</coordinates>
            </Point>
        </Placemark>
        <Placemark id="1543">
            <name>Заброшенное здание (ru)</name>
            <description/>
            <Point id="1542">
                <coordinates>61.5346088,57.0004929,0.0</coordinates>
            </Point>
        </Placemark>
        <Placemark id="1545">
            <name>Бывший сутуночный цех бывшего Верх-Исетского завода (ru)</name>
            <description/>
            <Point id="1544">
                <coordinates>60.5576859,56.840829,0.0</coordinates>
            </Point>
        </Placemark>
        <Placemark id="1547">
            <name>Заброшенный главный цех (ru)</name>
            <description/>
            <Point id="1546">
                <coordinates>61.4135768,56.9998151,0.0</coordinates>
            </Point>
        </Placemark>
        <Placemark id="1549">
            <name>Заброшенная жилая зона (ru)</name>
            <description/>
            <Point id="1548">
                <coordinates>60.9380333,56.7327738,0.0</coordinates>
            </Point>
        </Placemark>
        <Placemark id="1551">
            <name>Бывшая лодочная станция (ru)</name>
            <description/>
            <Point id="1550">
                <coordinates>61.4868414,57.0898589,0.0</coordinates>
            </Point>
        </Placemark>
        <Placemark id="1553">
            <name>Глиняный карьер (ru)</name>
            <description/>
            <Point id="1552">
                <coordinates>60.7419758,56.8209756,0.0</coordinates>
            </Point>
        </Placemark>
        <Placemark id="1555">
            <name>Бывший городок боевой работы (ru)</name>
            <description/>
            <Point id="1554">
                <coordinates>60.66446,56.7678147,0.0</coordinates>
            </Point>
        </Placemark>
        <Placemark id="1557">
            <name>Заброшенные гаражи (ru)</name>
            <description/>
            <Point id="1556">
                <coordinates>60.5071095,56.6892872,0.0</coordinates>
            </Point>
        </Placemark>
        <Placemark id="1559">
            <name>Недостроенное здание (ru)</name>
            <description/>
            <Point id="1558">
                <coordinates>61.3487103,56.8417811,0.0</coordinates>
            </Point>
        </Placemark>
        <Placemark id="1561">
            <name>Заброшенное бомбоубежище (ru)</name>
            <description/>
            <Point id="1560">
                <coordinates>60.5788116,56.7763217,0.0</coordinates>
            </Point>
        </Placemark>
        <Placemark id="1563">
            <name>Просека ветки Асбестовской УЖД (ru)</name>
            <description/>
            <Point id="1562">
                <coordinates>61.5859624,57.0670625,0.0</coordinates>
            </Point>
        </Placemark>
        <Placemark id="1565">
            <name>Заброшенный стадион (ru)</name>
            <description/>
            <Point id="1564">
                <coordinates>60.6537661,56.7806412,0.0</coordinates>
            </Point>
        </Placemark>
        <Placemark id="1567">
            <name>Заброшенный щебёночный карьер (ru)</name>
            <description/>
            <Point id="1566">
                <coordinates>60.909477,56.9306091,0.0</coordinates>
            </Point>
        </Placemark>
        <Placemark id="1569">
            <name>Бывший &quot;ус&quot; Асбестовской УЖД (ru)</name>
            <description/>
            <Point id="1568">
                <coordinates>61.5980055,57.0656597,0.0</coordinates>
            </Point>
        </Placemark>
        <Placemark id="1571">
            <name>Недействующий остановочный пункт 20 км (ru)</name>
            <description/>
            <Point id="1570">
                <coordinates>60.8625036,56.7280363,0.0</coordinates>
            </Point>
        </Placemark>
        <Placemark id="1573">
            <name>Отвалы рудника Трудовой Отдых (Грязновского) (ru)</name>
            <description/>
            <Point id="1572">
                <coordinates>61.471703,56.9534878,0.0</coordinates>
            </Point>
        </Placemark>
        <Placemark id="1575">
            <name>Бывшая платформа для погрузки бронетанковой техники на железнодорожный состав (ru)</name>
            <description/>
            <Point id="1574">
                <coordinates>60.7423044,56.9578891,0.0</coordinates>
            </Point>
        </Placemark>
        <Placemark id="1577">
            <name>Заброшенное здание (ru)</name>
            <description/>
            <Point id="1576">
                <coordinates>60.5799897,56.7765764,0.0</coordinates>
            </Point>
        </Placemark>
        <Placemark id="1579">
            <name>Железобетонный резервуар (ru)</name>
            <description/>
            <Point id="1578">
                <coordinates>60.5957941,56.7919051,0.0</coordinates>
            </Point>
        </Placemark>
        <Placemark id="1581">
            <name>Заброшенная АГНКС (ru)</name>
            <description/>
            <Point id="1580">
                <coordinates>60.6604608,56.8915262,0.0</coordinates>
            </Point>
        </Placemark>
        <Placemark id="1583">
            <name>Заброшенный конвейерный цех № 41-1 (ru)</name>
            <description/>
            <Point id="1582">
                <coordinates>60.6018619,56.8822077,0.0</coordinates>
            </Point>
        </Placemark>
        <Placemark id="1585">
            <name>Abandoned housing being built for tourists</name>
            <description/>
            <Point id="1584">
                <coordinates>60.5627078,57.0131575,0.0</coordinates>
            </Point>
        </Placemark>
        <Placemark id="1587">
            <name>Заброшенный цех № 28 (ru)</name>
            <description/>
            <Point id="1586">
                <coordinates>60.6496193,56.8776287,0.0</coordinates>
            </Point>
        </Placemark>
        <Placemark id="1589">
            <name>Копь Топазница (ru)</name>
            <description/>
            <Point id="1588">
                <coordinates>60.992832,57.2432847,0.0</coordinates>
            </Point>
        </Placemark>
        <Placemark id="1591">
            <name>Заброшенное строение (ru)</name>
            <description/>
            <Point id="1590">
                <coordinates>60.663921,56.8889328,0.0</coordinates>
            </Point>
        </Placemark>
        <Placemark id="1593">
            <name>Abandoned bunker of the air defense</name>
            <description/>
            <Point id="1592">
                <coordinates>60.9384692,56.7939405,0.0</coordinates>
            </Point>
        </Placemark>
        <Placemark id="1595">
            <name>Заброшенные мастерские (ru)</name>
            <description/>
            <Point id="1594">
                <coordinates>61.4716734,57.0097636,0.0</coordinates>
            </Point>
        </Placemark>
        <Placemark id="1597">
            <name>Бывший мясокобинат (ru)</name>
            <description/>
            <Point id="1596">
                <coordinates>61.4277308,56.9989429,0.0</coordinates>
            </Point>
        </Placemark>
        <Placemark id="1599">
            <name>Бывший карьер (ru)</name>
            <description/>
            <Point id="1598">
                <coordinates>61.0074153,56.7607252,0.0</coordinates>
            </Point>
        </Placemark>
        <Placemark id="1601">
            <name>Заброшенный цех № 41-2 (ru)</name>
            <description/>
            <Point id="1600">
                <coordinates>60.6028441,56.8819419,0.0</coordinates>
            </Point>
        </Placemark>
        <Placemark id="1603">
            <name>Заброшенная стройплощадка (ru)</name>
            <description/>
            <Point id="1602">
                <coordinates>60.5673908,56.7756421,0.0</coordinates>
            </Point>
        </Placemark>
        <Placemark id="1605">
            <name>Заброшенный ангар (ru)</name>
            <description/>
            <Point id="1604">
                <coordinates>60.7952364,56.6981043,0.0</coordinates>
            </Point>
        </Placemark>
        <Placemark id="1607">
            <name>Заброшенное здание (ru)</name>
            <description/>
            <Point id="1606">
                <coordinates>60.7555979,56.7210467,0.0</coordinates>
            </Point>
        </Placemark>
        <Placemark id="1609">
            <name>Ветка Асбестовской УЖД (ru)</name>
            <description/>
            <Point id="1608">
                <coordinates>61.6438472,57.0931027,0.0</coordinates>
            </Point>
        </Placemark>
        <Placemark id="1611">
            <name>Заброшенный стадион (ru)</name>
            <description/>
            <Point id="1610">
                <coordinates>60.6564563,56.7446274,0.0</coordinates>
            </Point>
        </Placemark>
        <Placemark id="1613">
            <name>Заброшенный карьер (ru)</name>
            <description/>
            <Point id="1612">
                <coordinates>60.9497183,56.7218879,0.0</coordinates>
            </Point>
        </Placemark>
        <Placemark id="1615">
            <name>Разрушенное строение (ru)</name>
            <description/>
            <Point id="1614">
                <coordinates>60.9173359,56.9451072,0.0</coordinates>
            </Point>
        </Placemark>
        <Placemark id="1617">
            <name>Южный карьер Шайдуровского месторождения хромита (ru)</name>
            <description/>
            <Point id="1616">
                <coordinates>60.8899748,56.6087534,0.0</coordinates>
            </Point>
        </Placemark>
        <Placemark id="1619">
            <name>Заброшенные конюшни (ru)</name>
            <description/>
            <Point id="1618">
                <coordinates>61.2334558,56.696332,0.0</coordinates>
            </Point>
        </Placemark>
        <Placemark id="1621">
            <name>Заброшенное главное здание (ru)</name>
            <description/>
            <Point id="1620">
                <coordinates>61.4145988,57.00153,0.0</coordinates>
            </Point>
        </Placemark>
        <Placemark id="1623">
            <name>Заброшенная больничная кухня и гараж (ru)</name>
            <description/>
            <Point id="1622">
                <coordinates>60.8862599,57.0592501,0.0</coordinates>
            </Point>
        </Placemark>
        <Placemark id="1625">
            <name>Бывшая железнодорожная станция (ru)</name>
            <description/>
            <Point id="1624">
                <coordinates>61.5801608,57.0653973,0.0</coordinates>
            </Point>
        </Placemark>
        <Placemark id="1627">
            <name>Неиспользуемый карьер (ru)</name>
            <description/>
            <Point id="1626">
                <coordinates>60.8309152,56.941846,0.0</coordinates>
            </Point>
        </Placemark>
        <Placemark id="1629">
            <name>Заброшенное общежитие (ru)</name>
            <description/>
            <Point id="1628">
                <coordinates>60.6002478,56.974971,0.0</coordinates>
            </Point>
        </Placemark>
        <Placemark id="1631">
            <name>Долгострой (ru)</name>
            <description/>
            <Point id="1630">
                <coordinates>60.6018612,56.8350571,0.0</coordinates>
            </Point>
        </Placemark>
        <Placemark id="1633">
            <name>Остатки ветки Асбестовской УЖД (ru)</name>
            <description/>
            <Point id="1632">
                <coordinates>61.6398399,57.090022,0.0</coordinates>
            </Point>
        </Placemark>
        <Placemark id="1635">
            <name>ТСП «Бункер» (ru)</name>
            <description/>
            <Point id="1634">
                <coordinates>60.7143744,56.751574,0.0</coordinates>
            </Point>
        </Placemark>
        <Placemark id="1637">
            <name>Стоянка автомобилей Управления образованием (ru)</name>
            <description/>
            <Point id="1636">
                <coordinates>61.4743369,57.0091034,0.0</coordinates>
            </Point>
        </Placemark>
        <Placemark id="1639">
            <name>Заброшенный цех Шабровского талькового комбината (ru)</name>
            <description/>
            <Point id="1638">
                <coordinates>60.6043812,56.6299363,0.0</coordinates>
            </Point>
        </Placemark>
        <Placemark id="1641">
            <name>Заброшенный цех (ru)</name>
            <description/>
            <Point id="1640">
                <coordinates>60.6589091,56.8836418,0.0</coordinates>
            </Point>
        </Placemark>
        <Placemark id="1643">
            <name>Заброшенный кордон «Котлы» (ru)</name>
            <description/>
            <Point id="1642">
                <coordinates>61.199255,56.8452785,0.0</coordinates>
            </Point>
        </Placemark>
        <Placemark id="1645">
            <name>Территория бывшего питомника хаски (ru)</name>
            <description/>
            <Point id="1644">
                <coordinates>60.5558492,56.779352,0.0</coordinates>
            </Point>
        </Placemark>
        <Placemark id="1647">
            <name>Купоросный цех ООО «ВИЗ-Сталь» (ru)</name>
            <description/>
            <Point id="1646">
                <coordinates>60.5477303,56.8450144,0.0</coordinates>
            </Point>
        </Placemark>
        <Placemark id="1649">
            <name>Заброшенный путепровод предприятия железнодорожного транспорта ПАО «Ураласбест» (ru)</name>
            <description/>
            <Point id="1648">
                <coordinates>61.5113541,56.9903067,0.0</coordinates>
            </Point>
        </Placemark>
        <Placemark id="1651">
            <name>Недействующее трамвайное кольцо «Южная» (ru)</name>
            <description/>
            <Point id="1650">
                <coordinates>60.6125968,56.800499,0.0</coordinates>
            </Point>
        </Placemark>
        <Placemark id="1653">
            <name>Заброшенное здание (ru)</name>
            <description/>
            <Point id="1652">
                <coordinates>60.6507477,56.8878482,0.0</coordinates>
            </Point>
        </Placemark>
        <Placemark id="1655">
            <name>Заброшенная строительная площадка (ru)</name>
            <description/>
            <Point id="1654">
                <coordinates>60.8086786,56.7634834,0.0</coordinates>
            </Point>
        </Placemark>
        <Placemark id="1657">
            <name>Заброшенный подземный ангар-хранилище (ru)</name>
            <description/>
            <Point id="1656">
                <coordinates>61.3817525,56.80005,0.0</coordinates>
            </Point>
        </Placemark>
        <Placemark id="1659">
            <name>Заброшенный цех (ru)</name>
            <description/>
            <Point id="1658">
                <coordinates>60.5785458,56.8734052,0.0</coordinates>
            </Point>
        </Placemark>
        <Placemark id="1661">
            <name>Бывший остановочный пункт 1899 км (ru)</name>
            <description/>
            <Point id="1660">
                <coordinates>61.8210512,56.7667615,0.0</coordinates>
            </Point>
        </Placemark>
        <Placemark id="1663">
            <name>Каменоломня (ru)</name>
            <description/>
            <Point id="1662">
                <coordinates>60.7253595,56.8458561,0.0</coordinates>
            </Point>
        </Placemark>
        <Placemark id="1665">
            <name>Заброшенный цех (ru)</name>
            <description/>
            <Point id="1664">
                <coordinates>61.4485555,56.9940684,0.0</coordinates>
            </Point>
        </Placemark>
        <Placemark id="1667">
            <name>Заброшенный цех (ru)</name>
            <description/>
            <Point id="1666">
                <coordinates>61.4149984,57.001831,0.0</coordinates>
            </Point>
        </Placemark>
        <Placemark id="1669">
            <name>Заброшенное бомбоубежище (ru)</name>
            <description/>
            <Point id="1668">
                <coordinates>61.4769547,57.0156279,0.0</coordinates>
            </Point>
        </Placemark>
        <Placemark id="1671">
            <name>Рудник Трудовой Отдых (Грязновский): Александровский разрез (ru)</name>
            <description/>
            <Point id="1670">
                <coordinates>61.4763378,56.9523058,0.0</coordinates>
            </Point>
        </Placemark>
        <Placemark id="1673">
            <name>Огороженная территория долгостроя (ru)</name>
            <description/>
            <Point id="1672">
                <coordinates>60.5995948,56.8569671,0.0</coordinates>
            </Point>
        </Placemark>
        <Placemark id="1675">
            <name>Недействующая котельная (ru)</name>
            <description/>
            <Point id="1674">
                <coordinates>60.6400357,56.8800557,0.0</coordinates>
            </Point>
        </Placemark>
        <Placemark id="1677">
            <name>Мазутка (заброшено) (ru)</name>
            <description/>
            <Point id="1676">
                <coordinates>60.7848442,56.9047719,0.0</coordinates>
            </Point>
        </Placemark>
        <Placemark id="1679">
            <name>Здание бывшего ДК им. Якова Свердлова (ru)</name>
            <description/>
            <Point id="1678">
                <coordinates>60.5956777,56.8400451,0.0</coordinates>
            </Point>
        </Placemark>
        <Placemark id="1681">
            <name>Заброшенное стрельбище ВВС войсковой части 19091 (ru)</name>
            <description/>
            <Point id="1680">
                <coordinates>60.9241677,56.8014603,0.0</coordinates>
            </Point>
        </Placemark>
        <Placemark id="1683">
            <name>Заброшенная эстакада (ru)</name>
            <description/>
            <Point id="1682">
                <coordinates>60.8792057,57.0512552,0.0</coordinates>
            </Point>
        </Placemark>
        <Placemark id="1685">
            <name>Старый дунитовый карьер (ru)</name>
            <description/>
            <Point id="1684">
                <coordinates>60.6409477,56.7736727,0.0</coordinates>
            </Point>
        </Placemark>
        <Placemark id="1687">
            <name>Заброшенное неврологическое отделение (ru)</name>
            <description/>
            <Point id="1686">
                <coordinates>61.4610854,57.0265753,0.0</coordinates>
            </Point>
        </Placemark>
        <Placemark id="1689">
            <name>Заброшенный спортивный городок (ru)</name>
            <description/>
            <Point id="1688">
                <coordinates>60.6642796,56.7717839,0.0</coordinates>
            </Point>
        </Placemark>
        <Placemark id="1691">
            <name>Копь Адуйская Дальняя (ru)</name>
            <description/>
            <Point id="1690">
                <coordinates>60.9961365,57.249558,0.0</coordinates>
            </Point>
        </Placemark>
        <Placemark id="1693">
            <name>Заброшенные склады (ru)</name>
            <description/>
            <Point id="1692">
                <coordinates>60.9372996,56.7323003,0.0</coordinates>
            </Point>
        </Placemark>
        <Placemark id="1695">
            <name>Недостроенное здание (ru)</name>
            <description/>
            <Point id="1694">
                <coordinates>61.3130997,56.7647097,0.0</coordinates>
            </Point>
        </Placemark>
        <Placemark id="1697">
            <name>Заброшенная учебная полоса препятствий (ru)</name>
            <description/>
            <Point id="1696">
                <coordinates>60.6647096,56.7720742,0.0</coordinates>
            </Point>
        </Placemark>
        <Placemark id="1699">
            <name>Недостроенный гаражный комплекс (ru)</name>
            <description/>
            <Point id="1698">
                <coordinates>60.7609578,56.7950562,0.0</coordinates>
            </Point>
        </Placemark>
        <Placemark id="1701">
            <name>Заброшенные очистные сооружения (ru)</name>
            <description/>
            <Point id="1700">
                <coordinates>61.4562052,56.9915852,0.0</coordinates>
            </Point>
        </Placemark>
        <Placemark id="1703">
            <name>Недостроенное здание (ru)</name>
            <description/>
            <Point id="1702">
                <coordinates>61.3443033,56.8440579,0.0</coordinates>
            </Point>
        </Placemark>
        <Placemark id="1705">
            <name>Асфальтированная площадка (ru)</name>
            <description/>
            <Point id="1704">
                <coordinates>60.7047816,56.7640309,0.0</coordinates>
            </Point>
        </Placemark>
        <Placemark id="1707">
            <name>Заброшенная заправочная станция (ru)</name>
            <description/>
            <Point id="1706">
                <coordinates>60.8074808,56.6803531,0.0</coordinates>
            </Point>
        </Placemark>
        <Placemark id="1709">
            <name>Заброшенное старое здание Асбестовского горного техникума (ru)</name>
            <description/>
            <Point id="1708">
                <coordinates>61.4717808,57.0093386,0.0</coordinates>
            </Point>
        </Placemark>
        <Placemark id="1711">
            <name>Бывший железнодорожный ус (ru)</name>
            <description/>
            <Point id="1710">
                <coordinates>61.438524,57.16637,0.0</coordinates>
            </Point>
        </Placemark>
        <Placemark id="1713">
            <name>Заброшенный коровник (ru)</name>
            <description/>
            <Point id="1712">
                <coordinates>60.8852533,56.7954442,0.0</coordinates>
            </Point>
        </Placemark>
        <Placemark id="1715">
            <name>Узел связи (ru)</name>
            <description/>
            <Point id="1714">
                <coordinates>60.6542823,57.1536708,0.0</coordinates>
            </Point>
        </Placemark>
        <Placemark id="1717">
            <name>Заброшенный цех (ru)</name>
            <description/>
            <Point id="1716">
                <coordinates>61.1050303,56.5986509,0.0</coordinates>
            </Point>
        </Placemark>
        <Placemark id="1719">
            <name>Снесённая детская городская больница № 10 (Педагогическая ул., 23) (ru)</name>
            <description/>
            <Point id="1718">
                <coordinates>60.6587523,56.8359813,0.0</coordinates>
            </Point>
        </Placemark>
        <Placemark id="1721">
            <name>Заброшенная детская городская больница № 15 (ru)</name>
            <description/>
            <Point id="1720">
                <coordinates>60.5895361,56.8925079,0.0</coordinates>
            </Point>
        </Placemark>
        <Placemark id="1723">
            <name>Старый птичник № 20 (ru)</name>
            <description/>
            <Point id="1722">
                <coordinates>60.8490105,56.6371112,0.0</coordinates>
            </Point>
        </Placemark>
        <Placemark id="1725">
            <name>Заброшенный загон для коров (ru)</name>
            <description/>
            <Point id="1724">
                <coordinates>60.9780049,56.7122497,0.0</coordinates>
            </Point>
        </Placemark>
        <Placemark id="1727">
            <name>Заброшенное крестьянское хозяйство (ru)</name>
            <description/>
            <Point id="1726">
                <coordinates>60.7261723,56.6739456,0.0</coordinates>
            </Point>
        </Placemark>
        <Placemark id="1729">
            <name>Заброшенное здание фондохранилища Музея истории Екатеринбурга (ru)</name>
            <description/>
            <Point id="1728">
                <coordinates>60.6038306,56.7444729,0.0</coordinates>
            </Point>
        </Placemark>
        <Placemark id="1731">
            <name>Заброшенный Белоглинский железный рудник (ru)</name>
            <description/>
            <Point id="1730">
                <coordinates>60.6704413,56.6101999,0.0</coordinates>
            </Point>
        </Placemark>
        <Placemark id="1733">
            <name>Бывшая Тавдинская пристань Обь-Иртышского речного пароходства (ru)</name>
            <description/>
            <Point id="1732">
                <coordinates>60.6871784,56.8490894,0.0</coordinates>
            </Point>
        </Placemark>
        <Placemark id="1735">
            <name>Заброшенное реабилитационное отделение больницы № 10 (ru)</name>
            <description/>
            <Point id="1734">
                <coordinates>60.726047,56.8697792,0.0</coordinates>
            </Point>
        </Placemark>
        <Placemark id="1737">
            <name>Старый свинарник (ru)</name>
            <description/>
            <Point id="1736">
                <coordinates>60.8425082,56.6375926,0.0</coordinates>
            </Point>
        </Placemark>
        <Placemark id="1739">
            <name>Wyrzutna rakiet (pl)</name>
            <description/>
            <Point id="1738">
                <coordinates>60.9415198,56.7293769,0.0</coordinates>
            </Point>
        </Placemark>
        <Placemark id="1741">
            <name>Wyrzutnia rakiet (pl)</name>
            <description/>
            <Point id="1740">
                <coordinates>60.9420883,56.7307101,0.0</coordinates>
            </Point>
        </Placemark>
        <Placemark id="1743">
            <name>Wyrzutnia rakiet (pl)</name>
            <description/>
            <Point id="1742">
                <coordinates>60.9435796,56.7305365,0.0</coordinates>
            </Point>
        </Placemark>
        <Placemark id="1745">
            <name>Wyrzutnia rakiet (pl)</name>
            <description/>
            <Point id="1744">
                <coordinates>60.9430539,56.7293166,0.0</coordinates>
            </Point>
        </Placemark>
        <Placemark id="1747">
            <name>Wyrzutnia rakiet (pl)</name>
            <description/>
            <Point id="1746">
                <coordinates>60.9438908,56.7297933,0.0</coordinates>
            </Point>
        </Placemark>
        <Placemark id="1749">
            <name>Заброшенные здания (ru)</name>
            <description/>
            <Point id="1748">
                <coordinates>60.6197807,56.9285094,0.0</coordinates>
            </Point>
        </Placemark>
        <Placemark id="1751">
            <name>Заброшенное Зернохранилище (ru)</name>
            <description/>
            <Point id="1750">
                <coordinates>60.9013783,56.7844018,0.0</coordinates>
            </Point>
        </Placemark>
        <Placemark id="1753">
            <name>Недостроенный бассейн (ru)</name>
            <description/>
            <Point id="1752">
                <coordinates>61.0898429,56.5959812,0.0</coordinates>
            </Point>
        </Placemark>
        <Placemark id="1755">
            <name>Wyrzutnia rakiet (pl)</name>
            <description/>
            <Point id="1754">
                <coordinates>60.9411442,56.7301362,0.0</coordinates>
            </Point>
        </Placemark>
        <Placemark id="1757">
            <name>Заброшенный цех (ru)</name>
            <description/>
            <Point id="1756">
                <coordinates>61.4595472,56.9906238,0.0</coordinates>
            </Point>
        </Placemark>
        <Placemark id="1759">
            <name>Старинная каменоломня (ru)</name>
            <description/>
            <Point id="1758">
                <coordinates>60.5255216,56.8079256,0.0</coordinates>
            </Point>
        </Placemark>
        <Placemark id="1761">
            <name>Заброшенный тубсанаторий (ru)</name>
            <description/>
            <Point id="1760">
                <coordinates>60.7157761,56.8125669,0.0</coordinates>
            </Point>
        </Placemark>
        <Placemark id="1763">
            <name>Шарташский золотой прииск (ru)</name>
            <description/>
            <Point id="1762">
                <coordinates>60.6874679,56.8612759,0.0</coordinates>
            </Point>
        </Placemark>
        <Placemark id="1765">
            <name>Заброшенный конвеер (ru)</name>
            <description/>
            <Point id="1764">
                <coordinates>61.4729126,56.9824555,0.0</coordinates>
            </Point>
        </Placemark>
        <Placemark id="1767">
            <name>Коровник (ru)</name>
            <description/>
            <Point id="1766">
                <coordinates>60.9001766,56.7952218,0.0</coordinates>
            </Point>
        </Placemark>
        <Placemark id="1769">
            <name>Заброшенная часть пилорамы (ru)</name>
            <description/>
            <Point id="1768">
                <coordinates>60.4807314,56.6678532,0.0</coordinates>
            </Point>
        </Placemark>
        <Placemark id="1771">
            <name>Заброшенный цех (ru)</name>
            <description/>
            <Point id="1770">
                <coordinates>61.4596169,56.9903402,0.0</coordinates>
            </Point>
        </Placemark>
        <Placemark id="1773">
            <name>Расселенное общежитие (ru)</name>
            <description/>
            <Point id="1772">
                <coordinates>60.5896748,56.7738543,0.0</coordinates>
            </Point>
        </Placemark>
        <Placemark id="1775">
            <name>Развалины (ru)</name>
            <description/>
            <Point id="1774">
                <coordinates>61.0325783,57.0714346,0.0</coordinates>
            </Point>
        </Placemark>
        <Placemark id="1777">
            <name>Старый птичник № 22 (ru)</name>
            <description/>
            <Point id="1776">
                <coordinates>60.8511794,56.6368651,0.0</coordinates>
            </Point>
        </Placemark>
        <Placemark id="1779">
            <name>Заброшенная вертолётная площадка (ru)</name>
            <description/>
            <Point id="1778">
                <coordinates>60.9649426,56.7249788,0.0</coordinates>
            </Point>
        </Placemark>
        <Placemark id="1781">
            <name>Заброшенный строевой плац (ru)</name>
            <description/>
            <Point id="1780">
                <coordinates>60.9382518,56.7321812,0.0</coordinates>
            </Point>
        </Placemark>
        <Placemark id="1783">
            <name>Магазин (ru)</name>
            <description/>
            <Point id="1782">
                <coordinates>60.5650493,56.9848428,0.0</coordinates>
            </Point>
        </Placemark>
        <Placemark id="1785">
            <name>Бывший свинарник (ru)</name>
            <description/>
            <Point id="1784">
                <coordinates>60.9820899,56.6869031,0.0</coordinates>
            </Point>
        </Placemark>
        <Placemark id="1787">
            <name>Заброшенные боксы для техники и кафедра химии порохов и ВВ (ru)</name>
            <description/>
            <Point id="1786">
                <coordinates>60.6656321,56.7679103,0.0</coordinates>
            </Point>
        </Placemark>
        <Placemark id="1789">
            <name>Заброшенный теннисный корт (ru)</name>
            <description/>
            <Point id="1788">
                <coordinates>60.6017118,56.8461918,0.0</coordinates>
            </Point>
        </Placemark>
        <Placemark id="1791">
            <name>Заброшенное здание мясокомбината (ru)</name>
            <description/>
            <Point id="1790">
                <coordinates>60.5154061,56.8237047,0.0</coordinates>
            </Point>
        </Placemark>
        <Placemark id="1793">
            <name>Площадка размещения орудий (ru)</name>
            <description/>
            <Point id="1792">
                <coordinates>60.6634331,56.7703189,0.0</coordinates>
            </Point>
        </Placemark>
        <Placemark id="1795">
            <name>Заброшенное хранилище 109 (ru)</name>
            <description/>
            <Point id="1794">
                <coordinates>61.3897669,56.7926971,0.0</coordinates>
            </Point>
        </Placemark>
        <Placemark id="1797">
            <name>Заброшенное хранилище 111 (ru)</name>
            <description/>
            <Point id="1796">
                <coordinates>61.3938922,56.7912839,0.0</coordinates>
            </Point>
        </Placemark>
        <Placemark id="1799">
            <name>Бывшая ветка Асбестовской УЖД (ru)</name>
            <description/>
            <Point id="1798">
                <coordinates>61.5975361,57.058337,0.0</coordinates>
            </Point>
        </Placemark>
        <Placemark id="1801">
            <name>Храм во имя Святого Архангела Михаила (ru)</name>
            <description/>
            <Point id="1800">
                <coordinates>60.9815625,56.6749095,0.0</coordinates>
            </Point>
        </Placemark>
        <Placemark id="1803">
            <name>Здание АО «Союз-хлеб» — объект культурного наследия (ru)</name>
            <description/>
            <Point id="1802">
                <coordinates>60.598255,56.8347586,0.0</coordinates>
            </Point>
        </Placemark>
        <Placemark id="1805">
            <name>Заброшенная фабрика (ru)</name>
            <description/>
            <Point id="1804">
                <coordinates>61.2094888,57.2954891,0.0</coordinates>
            </Point>
        </Placemark>
        <Placemark id="1807">
            <name>Заброшенный ангар (ru)</name>
            <description/>
            <Point id="1806">
                <coordinates>60.8023288,56.6837098,0.0</coordinates>
            </Point>
        </Placemark>
        <Placemark id="1809">
            <name>Заброшенное хранилище 108 (ru)</name>
            <description/>
            <Point id="1808">
                <coordinates>61.3883829,56.7931752,0.0</coordinates>
            </Point>
        </Placemark>
        <Placemark id="1811">
            <name>Временный разъезд (ru)</name>
            <description/>
            <Point id="1810">
                <coordinates>60.7664697,56.8677916,0.0</coordinates>
            </Point>
        </Placemark>
        <Placemark id="1813">
            <name>Бывшее стрельбище (ru)</name>
            <description/>
            <Point id="1812">
                <coordinates>61.4320813,56.8068698,0.0</coordinates>
            </Point>
        </Placemark>
        <Placemark id="1815">
            <name>Заброшенный цех (ru)</name>
            <description/>
            <Point id="1814">
                <coordinates>61.4156864,57.0014307,0.0</coordinates>
            </Point>
        </Placemark>
        <Placemark id="1817">
            <name>Заброшенный склад (ru)</name>
            <description/>
            <Point id="1816">
                <coordinates>60.9349703,56.7973821,0.0</coordinates>
            </Point>
        </Placemark>
        <Placemark id="1819">
            <name>Заброшенное здание (ru)</name>
            <description/>
            <Point id="1818">
                <coordinates>60.5832411,56.783096,0.0</coordinates>
            </Point>
        </Placemark>
        <Placemark id="1821">
            <name>Здание (ru)</name>
            <description/>
            <Point id="1820">
                <coordinates>60.5803657,56.781726,0.0</coordinates>
            </Point>
        </Placemark>
        <Placemark id="1823">
            <name>Заброшенное производственное убежище гражданской обороны (ru)</name>
            <description/>
            <Point id="1822">
                <coordinates>61.4578535,56.9928414,0.0</coordinates>
            </Point>
        </Placemark>
        <Placemark id="1825">
            <name>Недостроенные домики для отдыха (ru)</name>
            <description/>
            <Point id="1824">
                <coordinates>60.5859169,57.0135942,0.0</coordinates>
            </Point>
        </Placemark>
        <Placemark id="1827">
            <name>Здание (ru)</name>
            <description/>
            <Point id="1826">
                <coordinates>60.5807119,56.7813461,0.0</coordinates>
            </Point>
        </Placemark>
        <Placemark id="1829">
            <name>Выработанный мраморный карьер (ru)</name>
            <description/>
            <Point id="1828">
                <coordinates>61.0277276,56.6025825,0.0</coordinates>
            </Point>
        </Placemark>
        <Placemark id="1831">
            <name>Железнодорожный мост (ru)</name>
            <description/>
            <Point id="1830">
                <coordinates>61.521938,57.0684216,0.0</coordinates>
            </Point>
        </Placemark>
        <Placemark id="1833">
            <name>Недостроенный трехэтажный жилой дом (ru)</name>
            <description/>
            <Point id="1832">
                <coordinates>61.46313,57.0330904,0.0</coordinates>
            </Point>
        </Placemark>
        <Placemark id="1835">
            <name>Рудник александритов (ru)</name>
            <description/>
            <Point id="1834">
                <coordinates>61.4603197,56.9541854,0.0</coordinates>
            </Point>
        </Placemark>
        <Placemark id="1837">
            <name>Dawne stanowisko startowe (pl)</name>
            <description/>
            <Point id="1836">
                <coordinates>60.8952923,57.0217458,0.0</coordinates>
            </Point>
        </Placemark>
        <Placemark id="1839">
            <name>Dawne stanowisko startowe (pl)</name>
            <description/>
            <Point id="1838">
                <coordinates>60.8966816,57.0218102,0.0</coordinates>
            </Point>
        </Placemark>
        <Placemark id="1841">
            <name>Dawne stanowisko startowe (pl)</name>
            <description/>
            <Point id="1840">
                <coordinates>60.8946967,57.0208933,0.0</coordinates>
            </Point>
        </Placemark>
        <Placemark id="1843">
            <name>Dawne stanowisko startowe (pl)</name>
            <description/>
            <Point id="1842">
                <coordinates>60.8954049,57.0202451,0.0</coordinates>
            </Point>
        </Placemark>
        <Placemark id="1845">
            <name>Dawne stanowisko startowe (pl)</name>
            <description/>
            <Point id="1844">
                <coordinates>60.8970035,57.0203589,0.0</coordinates>
            </Point>
        </Placemark>
        <Placemark id="1847">
            <name>Dawne stanowisko startowe (pl)</name>
            <description/>
            <Point id="1846">
                <coordinates>60.8976365,57.0210582,0.0</coordinates>
            </Point>
        </Placemark>
        <Placemark id="1849">
            <name>Заброшенный дом культуры (ru)</name>
            <description/>
            <Point id="1848">
                <coordinates>60.9050535,56.5754436,0.0</coordinates>
            </Point>
        </Placemark>
        <Placemark id="1851">
            <name>Недостроенное производственное здание (ru)</name>
            <description/>
            <Point id="1850">
                <coordinates>61.3240902,56.853828,0.0</coordinates>
            </Point>
        </Placemark>
        <Placemark id="1853">
            <name>Заброшенный цех (ru)</name>
            <description/>
            <Point id="1852">
                <coordinates>61.419593,57.1191479,0.0</coordinates>
            </Point>
        </Placemark>
        <Placemark id="1855">
            <name>Заброшенная АЗС (ru)</name>
            <description/>
            <Point id="1854">
                <coordinates>60.6112491,57.1503568,0.0</coordinates>
            </Point>
        </Placemark>
        <Placemark id="1857">
            <name>Недостроенное здание (ru)</name>
            <description/>
            <Point id="1856">
                <coordinates>60.7676313,56.9190876,0.0</coordinates>
            </Point>
        </Placemark>
        <Placemark id="1859">
            <name>Заброшенная электрическая подстанция «Мурзинская» (ru)</name>
            <description/>
            <Point id="1858">
                <coordinates>61.0176399,57.0249448,0.0</coordinates>
            </Point>
        </Placemark>
        <Placemark id="1861">
            <name>Заброшенный актовый зал и столовая (ru)</name>
            <description/>
            <Point id="1860">
                <coordinates>61.0687259,56.6166554,0.0</coordinates>
            </Point>
        </Placemark>
        <Placemark id="1863">
            <name>Заброшенное хранилище 110 (ru)</name>
            <description/>
            <Point id="1862">
                <coordinates>61.3918376,56.7919743,0.0</coordinates>
            </Point>
        </Placemark>
        <Placemark id="1865">
            <name>Недостроенный бизнес-центр «Свердловск» (ru)</name>
            <description/>
            <Point id="1864">
                <coordinates>60.5988397,56.8568579,0.0</coordinates>
            </Point>
        </Placemark>
        <Placemark id="1867">
            <name>Заброшенное здание (ru)</name>
            <description/>
            <Point id="1866">
                <coordinates>60.6422271,56.8343007,0.0</coordinates>
            </Point>
        </Placemark>
        <Placemark id="1869">
            <name>Закрытый филиал ЕТХМ (ru)</name>
            <description/>
            <Point id="1868">
                <coordinates>60.7036899,56.752433,0.0</coordinates>
            </Point>
        </Placemark>
        <Placemark id="1871">
            <name>Бывший разъезд (ru)</name>
            <description/>
            <Point id="1870">
                <coordinates>61.4287769,57.1676992,0.0</coordinates>
            </Point>
        </Placemark>
        <Placemark id="1873">
            <name>Заброшенная автостоянка (ru)</name>
            <description/>
            <Point id="1872">
                <coordinates>60.9240924,56.788926,0.0</coordinates>
            </Point>
        </Placemark>
        <Placemark id="1875">
            <name>Заброшенная железнодорожная платформа (ru)</name>
            <description/>
            <Point id="1874">
                <coordinates>60.574327,56.7766436,0.0</coordinates>
            </Point>
        </Placemark>
        <Placemark id="1877">
            <name>Заброшенная землянка (ru)</name>
            <description/>
            <Point id="1876">
                <coordinates>61.2432861,56.8823112,0.0</coordinates>
            </Point>
        </Placemark>
        <Placemark id="1879">
            <name>Закрытый съезд (ru)</name>
            <description/>
            <Point id="1878">
                <coordinates>61.1034437,56.7376821,0.0</coordinates>
            </Point>
        </Placemark>
        <Placemark id="1881">
            <name>Заброшенный склад (ru)</name>
            <description/>
            <Point id="1880">
                <coordinates>60.9337858,56.798267,0.0</coordinates>
            </Point>
        </Placemark>
        <Placemark id="1883">
            <name>Заброшенный цех (ru)</name>
            <description/>
            <Point id="1882">
                <coordinates>61.1057237,56.599495,0.0</coordinates>
            </Point>
        </Placemark>
        <Placemark id="1885">
            <name>Заброшенный свинарник (ru)</name>
            <description/>
            <Point id="1884">
                <coordinates>61.1757107,56.7552709,0.0</coordinates>
            </Point>
        </Placemark>
        <Placemark id="1887">
            <name>Очистные сооружения (ru)</name>
            <description/>
            <Point id="1886">
                <coordinates>60.724322,56.8974643,0.0</coordinates>
            </Point>
        </Placemark>
        <Placemark id="1889">
            <name>ulitsa Ilyicha, 2</name>
            <description/>
            <Point id="1888">
                <coordinates>60.5949736,56.8866792,0.0</coordinates>
            </Point>
        </Placemark>
        <Placemark id="1891">
            <name>Заброшенное хранилище 504 (ru)</name>
            <description/>
            <Point id="1890">
                <coordinates>61.3906306,56.799812,0.0</coordinates>
            </Point>
        </Placemark>
        <Placemark id="1893">
            <name>Заброшенная школа № 14 (ru)</name>
            <description/>
            <Point id="1892">
                <coordinates>61.4743876,57.0252356,0.0</coordinates>
            </Point>
        </Placemark>
        <Placemark id="1895">
            <name>Заброшенное старое здание основной школы № 18 (ru)</name>
            <description/>
            <Point id="1894">
                <coordinates>61.2438356,56.9685413,0.0</coordinates>
            </Point>
        </Placemark>
        <Placemark id="1897">
            <name>Заброшенное хранилище 201 (ru)</name>
            <description/>
            <Point id="1896">
                <coordinates>61.3774744,56.7983301,0.0</coordinates>
            </Point>
        </Placemark>
        <Placemark id="1899">
            <name>Заброшенный кинодром (ru)</name>
            <description/>
            <Point id="1898">
                <coordinates>60.7252441,56.9025358,0.0</coordinates>
            </Point>
        </Placemark>
        <Placemark id="1901">
            <name>Заброшенная диетическая столовая (ru)</name>
            <description/>
            <Point id="1900">
                <coordinates>60.5822342,56.8802155,0.0</coordinates>
            </Point>
        </Placemark>
        <Placemark id="1903">
            <name>Забетонированная площадка для техники (ru)</name>
            <description/>
            <Point id="1902">
                <coordinates>60.9628424,56.7220512,0.0</coordinates>
            </Point>
        </Placemark>
        <Placemark id="1905">
            <name>Заброшенное здание (ru)</name>
            <description/>
            <Point id="1904">
                <coordinates>60.721339,56.90318,0.0</coordinates>
            </Point>
        </Placemark>
        <Placemark id="1907">
            <name>Заброшенное бомбоубежище (ru)</name>
            <description/>
            <Point id="1906">
                <coordinates>60.8743508,57.0546869,0.0</coordinates>
            </Point>
        </Placemark>
        <Placemark id="1909">
            <name>Заброшенный лагерный корпус (ru)</name>
            <description/>
            <Point id="1908">
                <coordinates>61.0701092,56.615876,0.0</coordinates>
            </Point>
        </Placemark>
        <Placemark id="1911">
            <name>Заброшенное овощехранилище (ru)</name>
            <description/>
            <Point id="1910">
                <coordinates>60.605761,56.976144,0.0</coordinates>
            </Point>
        </Placemark>
        <Placemark id="1913">
            <name>Заброшенное здание (ru)</name>
            <description/>
            <Point id="1912">
                <coordinates>60.6358408,56.8809219,0.0</coordinates>
            </Point>
        </Placemark>
        <Placemark id="1915">
            <name>Заброшеная электрическая подстанция (ru)</name>
            <description/>
            <Point id="1914">
                <coordinates>61.2949542,56.7910086,0.0</coordinates>
            </Point>
        </Placemark>
        <Placemark id="1917">
            <name>Недостроенное 4-этажное здание (ru)</name>
            <description/>
            <Point id="1916">
                <coordinates>61.4044791,57.105739,0.0</coordinates>
            </Point>
        </Placemark>
        <Placemark id="1919">
            <name>Старый карьер (ru)</name>
            <description/>
            <Point id="1918">
                <coordinates>60.7112752,56.8481138,0.0</coordinates>
            </Point>
        </Placemark>
        <Placemark id="1921">
            <name>Заброшенный автосервис «Дельта-Центр» (ru)</name>
            <description/>
            <Point id="1920">
                <coordinates>60.779954,56.8874438,0.0</coordinates>
            </Point>
        </Placemark>
        <Placemark id="1923">
            <name>Заброшенный Говорухинский хромовый рудник (ru)</name>
            <description/>
            <Point id="1922">
                <coordinates>60.6890791,56.5636864,0.0</coordinates>
            </Point>
        </Placemark>
        <Placemark id="1925">
            <name>Заброшенное сооружение мельзавода (ru)</name>
            <description/>
            <Point id="1924">
                <coordinates>61.3221403,56.7683109,0.0</coordinates>
            </Point>
        </Placemark>
        <Placemark id="1927">
            <name>Old house of 1835.The directors of old guns factory live here to 1895.Misterious place.</name>
            <description/>
            <Point id="1926">
                <coordinates>60.6908047,56.7467935,0.0</coordinates>
            </Point>
        </Placemark>
        <Placemark id="1929">
            <name>Заброшенные гаражи (ru)</name>
            <description/>
            <Point id="1928">
                <coordinates>60.722409,56.7861375,0.0</coordinates>
            </Point>
        </Placemark>
        <Placemark id="1931">
            <name>Карьеры белого гранита (ru)</name>
            <description/>
            <Point id="1930">
                <coordinates>60.7354688,56.8621792,0.0</coordinates>
            </Point>
        </Placemark>
        <Placemark id="1933">
            <name>Артезианская скважина (на консервации) (ru)</name>
            <description/>
            <Point id="1932">
                <coordinates>60.8947479,57.0556086,0.0</coordinates>
            </Point>
        </Placemark>
        <Placemark id="1935">
            <name>Столовая № 2 (ru)</name>
            <description/>
            <Point id="1934">
                <coordinates>61.4152223,57.1171009,0.0</coordinates>
            </Point>
        </Placemark>
        <Placemark id="1937">
            <name>Бывший клуб (ru)</name>
            <description/>
            <Point id="1936">
                <coordinates>60.5964922,56.9759994,0.0</coordinates>
            </Point>
        </Placemark>
        <Placemark id="1939">
            <name>Заброшенное производственное бомбоубежище (ru)</name>
            <description/>
            <Point id="1938">
                <coordinates>61.457565,56.9918439,0.0</coordinates>
            </Point>
        </Placemark>
        <Placemark id="1941">
            <name>Заброшенный хоккейный корт (ru)</name>
            <description/>
            <Point id="1940">
                <coordinates>60.9481868,56.7158253,0.0</coordinates>
            </Point>
        </Placemark>
        <Placemark id="1943">
            <name>Склон бывшего трамплина (ru)</name>
            <description/>
            <Point id="1942">
                <coordinates>60.6415002,56.7727424,0.0</coordinates>
            </Point>
        </Placemark>
        <Placemark id="1945">
            <name>Заброшенный цех (ru)</name>
            <description/>
            <Point id="1944">
                <coordinates>60.5725488,56.8698235,0.0</coordinates>
            </Point>
        </Placemark>
        <Placemark id="1947">
            <name>Теплица (ru)</name>
            <description/>
            <Point id="1946">
                <coordinates>60.629712,57.0826781,0.0</coordinates>
            </Point>
        </Placemark>
        <Placemark id="1949">
            <name>Заброшенный военкомат (ru)</name>
            <description/>
            <Point id="1948">
                <coordinates>61.4716297,57.0147022,0.0</coordinates>
            </Point>
        </Placemark>
        <Placemark id="1951">
            <name>Abandoned storage</name>
            <description/>
            <Point id="1950">
                <coordinates>60.7949535,56.9914748,0.0</coordinates>
            </Point>
        </Placemark>
        <Placemark id="1953">
            <name>Заброшенный железнодорожный путепровод (ru)</name>
            <description/>
            <Point id="1952">
                <coordinates>61.5523629,56.9843465,0.0</coordinates>
            </Point>
        </Placemark>
        <Placemark id="1955">
            <name>Заброшенное бомбоубежище (ru)</name>
            <description/>
            <Point id="1954">
                <coordinates>61.469478,57.0188384,0.0</coordinates>
            </Point>
        </Placemark>
        <Placemark id="1957">
            <name>Заброшенный конвейер (ru)</name>
            <description/>
            <Point id="1956">
                <coordinates>61.47541,56.9903633,0.0</coordinates>
            </Point>
        </Placemark>
        <Placemark id="1959">
            <name>Заброшенный цех № 48 (ru)</name>
            <description/>
            <Point id="1958">
                <coordinates>60.6391882,56.8791632,0.0</coordinates>
            </Point>
        </Placemark>
        <Placemark id="1961">
            <name>Заброшенная казарма (ru)</name>
            <description/>
            <Point id="1960">
                <coordinates>60.9378598,56.7322999,0.0</coordinates>
            </Point>
        </Placemark>
        <Placemark id="1963">
            <name>Заброшеное здание (ru)</name>
            <description/>
            <Point id="1962">
                <coordinates>60.6102569,56.8736982,0.0</coordinates>
            </Point>
        </Placemark>
        <Placemark id="1965">
            <name>Бывший разъезд (ru)</name>
            <description/>
            <Point id="1964">
                <coordinates>61.5869736,57.0776388,0.0</coordinates>
            </Point>
        </Placemark>
        <Placemark id="1967">
            <name>Заброшеное здание (ru)</name>
            <description/>
            <Point id="1966">
                <coordinates>60.8289467,56.7610594,0.0</coordinates>
            </Point>
        </Placemark>
        <Placemark id="1969">
            <name>Заброшеное зернохранилище (ru)</name>
            <description/>
            <Point id="1968">
                <coordinates>60.7135754,56.6558821,0.0</coordinates>
            </Point>
        </Placemark>
        <Placemark id="1971">
            <name>Заброшенное здание столовой (ru)</name>
            <description/>
            <Point id="1970">
                <coordinates>60.6312197,56.7802728,0.0</coordinates>
            </Point>
        </Placemark>
        <Placemark id="1973">
            <name>Убежище (ru)</name>
            <description/>
            <Point id="1972">
                <coordinates>60.9664995,56.7234646,0.0</coordinates>
            </Point>
        </Placemark>
        <Placemark id="1975">
            <name>Abandoned storage</name>
            <description/>
            <Point id="1974">
                <coordinates>60.7898947,56.9908964,0.0</coordinates>
            </Point>
        </Placemark>
        <Placemark id="1977">
            <name>Заброшенное сооружение мельзавода (ru)</name>
            <description/>
            <Point id="1976">
                <coordinates>61.3219351,56.7679102,0.0</coordinates>
            </Point>
        </Placemark>
        <Placemark id="1979">
            <name>Abandoned storage</name>
            <description/>
            <Point id="1978">
                <coordinates>60.7890594,56.989926,0.0</coordinates>
            </Point>
        </Placemark>
        <Placemark id="1981">
            <name>Заброшенное здание (ru)</name>
            <description/>
            <Point id="1980">
                <coordinates>60.5811345,57.0563929,0.0</coordinates>
            </Point>
        </Placemark>
        <Placemark id="1983">
            <name>Недостроенное здание (ru)</name>
            <description/>
            <Point id="1982">
                <coordinates>60.730637,56.7550579,0.0</coordinates>
            </Point>
        </Placemark>
        <Placemark id="1985">
            <name>Заброшенное бомбоубежище (ru)</name>
            <description/>
            <Point id="1984">
                <coordinates>60.6987882,56.8404501,0.0</coordinates>
            </Point>
        </Placemark>
        <Placemark id="1987">
            <name>Заброшенное производственное бомбоубежище (ru)</name>
            <description/>
            <Point id="1986">
                <coordinates>61.4580505,56.9918263,0.0</coordinates>
            </Point>
        </Placemark>
        <Placemark id="1989">
            <name>Заброшенная столовая «Изумруд» (ru)</name>
            <description/>
            <Point id="1988">
                <coordinates>61.3960525,57.117115,0.0</coordinates>
            </Point>
        </Placemark>
        <Placemark id="1991">
            <name>Заброшенное здание (ru)</name>
            <description/>
            <Point id="1990">
                <coordinates>61.4135849,57.0015607,0.0</coordinates>
            </Point>
        </Placemark>
        <Placemark id="1993">
            <name>Abandoned storage</name>
            <description/>
            <Point id="1992">
                <coordinates>60.7874764,56.9911499,0.0</coordinates>
            </Point>
        </Placemark>
        <Placemark id="1995">
            <name>Заброшенный коровник (ru)</name>
            <description/>
            <Point id="1994">
                <coordinates>60.6787776,57.1015344,0.0</coordinates>
            </Point>
        </Placemark>
        <Placemark id="1997">
            <name>Заброшенное здание котельной (ru)</name>
            <description/>
            <Point id="1996">
                <coordinates>61.4146738,56.9998925,0.0</coordinates>
            </Point>
        </Placemark>
        <Placemark id="1999">
            <name>Бывшее двухэтажное военное общежитие (ru)</name>
            <description/>
            <Point id="1998">
                <coordinates>60.8199504,56.7569048,0.0</coordinates>
            </Point>
        </Placemark>
        <Placemark id="2001">
            <name>Заброшенная детская площадка (ru)</name>
            <description/>
            <Point id="2000">
                <coordinates>60.5472514,56.7691274,0.0</coordinates>
            </Point>
        </Placemark>
        <Placemark id="2003">
            <name>Недействующий РСУ 37 (ru)</name>
            <description/>
            <Point id="2002">
                <coordinates>60.6408957,56.8803538,0.0</coordinates>
            </Point>
        </Placemark>
        <Placemark id="2005">
            <name>Заброшенный цех (ru)</name>
            <description/>
            <Point id="2004">
                <coordinates>60.6029261,56.9582163,0.0</coordinates>
            </Point>
        </Placemark>
        <Placemark id="2007">
            <name>Котельная (ru)</name>
            <description/>
            <Point id="2006">
                <coordinates>60.6593692,56.8488943,0.0</coordinates>
            </Point>
        </Placemark>
        <Placemark id="2009">
            <name>Заброшенный жилой дом (ru)</name>
            <description/>
            <Point id="2008">
                <coordinates>60.6370186,56.7222229,0.0</coordinates>
            </Point>
        </Placemark>
        <Placemark id="2011">
            <name>Недействующая углеподача (ru)</name>
            <description/>
            <Point id="2010">
                <coordinates>60.6409397,56.87994,0.0</coordinates>
            </Point>
        </Placemark>
        <Placemark id="2013">
            <name>Заброшенный огород (ru)</name>
            <description/>
            <Point id="2012">
                <coordinates>61.3047757,56.7818942,0.0</coordinates>
            </Point>
        </Placemark>
        <Placemark id="2015">
            <name>ulitsa Pekhotintsev, 4а корпус 1</name>
            <description/>
            <Point id="2014">
                <coordinates>60.5475921,56.8714005,0.0</coordinates>
            </Point>
        </Placemark>
        <Placemark id="2017">
            <name>Заброшенная АЗС ООО &quot;Автотрек&quot; (ru)</name>
            <description/>
            <Point id="2016">
                <coordinates>60.6723536,56.8241661,0.0</coordinates>
            </Point>
        </Placemark>
        <Placemark id="2019">
            <name>Заброшенный учебный корпус (ru)</name>
            <description/>
            <Point id="2018">
                <coordinates>60.9387864,56.7321898,0.0</coordinates>
            </Point>
        </Placemark>
        <Placemark id="2021">
            <name>Заброшенная столовая № 14 «Южанка» (ru)</name>
            <description/>
            <Point id="2020">
                <coordinates>61.4742823,56.9954207,0.0</coordinates>
            </Point>
        </Placemark>
        <Placemark id="2023">
            <name>Заброшенное пятиэтажное общежитие (ru)</name>
            <description/>
            <Point id="2022">
                <coordinates>60.8503865,56.6806158,0.0</coordinates>
            </Point>
        </Placemark>
        <Placemark id="2025">
            <name>Подземные водяные танки (ru)</name>
            <description/>
            <Point id="2024">
                <coordinates>61.1843795,56.6401248,0.0</coordinates>
            </Point>
        </Placemark>
        <Placemark id="2027">
            <name>Заброшенное здание овощного магазина (ru)</name>
            <description/>
            <Point id="2026">
                <coordinates>61.4587747,56.9938558,0.0</coordinates>
            </Point>
        </Placemark>
        <Placemark id="2029">
            <name>Бывшая вечерняя школа (ru)</name>
            <description/>
            <Point id="2028">
                <coordinates>60.8558946,56.6895487,0.0</coordinates>
            </Point>
        </Placemark>
        <Placemark id="2031">
            <name>Заброшенная монтажная контора (ru)</name>
            <description/>
            <Point id="2030">
                <coordinates>61.4541185,56.9939406,0.0</coordinates>
            </Point>
        </Placemark>
        <Placemark id="2033">
            <name>Заброшенные гаражи (ru)</name>
            <description/>
            <Point id="2032">
                <coordinates>60.8042996,56.6654676,0.0</coordinates>
            </Point>
        </Placemark>
        <Placemark id="2035">
            <name>Бывший зимовник для пчел (ru)</name>
            <description/>
            <Point id="2034">
                <coordinates>60.8131294,56.6830876,0.0</coordinates>
            </Point>
        </Placemark>
        <Placemark id="2037">
            <name>Брошенные теплицы (ru)</name>
            <description/>
            <Point id="2036">
                <coordinates>60.6884322,56.8299262,0.0</coordinates>
            </Point>
        </Placemark>
        <Placemark id="2039">
            <name>Вертолетная площадка на трассе газопровода (ru)</name>
            <description/>
            <Point id="2038">
                <coordinates>60.8006249,56.8065952,0.0</coordinates>
            </Point>
        </Placemark>
        <Placemark id="2041">
            <name>Военная команда ПТЗиСР (ru)</name>
            <description/>
            <Point id="2040">
                <coordinates>61.3751247,56.7938164,0.0</coordinates>
            </Point>
        </Placemark>
        <Placemark id="2043">
            <name>Заброшенное здание (ru)</name>
            <description/>
            <Point id="2042">
                <coordinates>60.5849043,56.9000322,0.0</coordinates>
            </Point>
        </Placemark>
        <Placemark id="2045">
            <name>Старый рудник (ru)</name>
            <description/>
            <Point id="2044">
                <coordinates>60.8794873,56.9109176,0.0</coordinates>
            </Point>
        </Placemark>
        <Placemark id="2047">
            <name>Аварийное здание (ru)</name>
            <description/>
            <Point id="2046">
                <coordinates>61.0110497,57.0781286,0.0</coordinates>
            </Point>
        </Placemark>
        <Placemark id="2049">
            <name>Заброшенные бытовые помещения (ru)</name>
            <description/>
            <Point id="2048">
                <coordinates>60.651993,56.8777548,0.0</coordinates>
            </Point>
        </Placemark>
        <Placemark id="2051">
            <name>Заброшенное здание (ru)</name>
            <description/>
            <Point id="2050">
                <coordinates>60.5863977,56.7754901,0.0</coordinates>
            </Point>
        </Placemark>
        <Placemark id="2053">
            <name>Гостиница &quot;Улыбка&quot; (ru)</name>
            <description/>
            <Point id="2052">
                <coordinates>61.3240729,56.8162918,0.0</coordinates>
            </Point>
        </Placemark>
        <Placemark id="2055">
            <name>ulitsa Lyotchikov, 9</name>
            <description/>
            <Point id="2054">
                <coordinates>60.576084,56.8622101,0.0</coordinates>
            </Point>
        </Placemark>
        <Placemark id="2057">
            <name>Ключевая (ru)</name>
            <description/>
            <Point id="2056">
                <coordinates>61.5327098,56.9864459,0.0</coordinates>
            </Point>
        </Placemark>
        <Placemark id="2059">
            <name>ulitsa Lyotchikov, 9а</name>
            <description/>
            <Point id="2058">
                <coordinates>60.5755636,56.8619212,0.0</coordinates>
            </Point>
        </Placemark>
        <Placemark id="2061">
            <name>Недостроенный и заброшенный подземный переход (ru)</name>
            <description/>
            <Point id="2060">
                <coordinates>60.5531188,56.8896964,0.0</coordinates>
            </Point>
        </Placemark>
        <Placemark id="2063">
            <name>Заброшенная автошкола (автовокзал) (ru)</name>
            <description/>
            <Point id="2062">
                <coordinates>61.4736082,57.0153235,0.0</coordinates>
            </Point>
        </Placemark>
        <Placemark id="2065">
            <name>Фундамент (ru)</name>
            <description/>
            <Point id="2064">
                <coordinates>60.566856,56.8444699,0.0</coordinates>
            </Point>
        </Placemark>
        <Placemark id="2067">
            <name>Заброшенный детский сад (ru)</name>
            <description/>
            <Point id="2066">
                <coordinates>60.6493351,56.8386401,0.0</coordinates>
            </Point>
        </Placemark>
        <Placemark id="2069">
            <name>Заброшенный лагерный корпус (ru)</name>
            <description/>
            <Point id="2068">
                <coordinates>61.0695956,56.6163091,0.0</coordinates>
            </Point>
        </Placemark>
        <Placemark id="2071">
            <name>Заброшенная баня (ru)</name>
            <description/>
            <Point id="2070">
                <coordinates>60.9375947,56.7315412,0.0</coordinates>
            </Point>
        </Placemark>
        <Placemark id="2073">
            <name>Заброшенные сооружения (ru)</name>
            <description/>
            <Point id="2072">
                <coordinates>60.8186763,56.8498578,0.0</coordinates>
            </Point>
        </Placemark>
        <Placemark id="2075">
            <name>Бывшая баня (ru)</name>
            <description/>
            <Point id="2074">
                <coordinates>60.6675767,56.767736,0.0</coordinates>
            </Point>
        </Placemark>
        <Placemark id="2077">
            <name>Заброшенная больница (ru)</name>
            <description/>
            <Point id="2076">
                <coordinates>60.7338005,56.8695126,0.0</coordinates>
            </Point>
        </Placemark>
        <Placemark id="2079">
            <name>Заброшенная котельная (ru)</name>
            <description/>
            <Point id="2078">
                <coordinates>60.7246138,56.7461107,0.0</coordinates>
            </Point>
        </Placemark>
        <Placemark id="2081">
            <name>Заброшенный дом (ru)</name>
            <description/>
            <Point id="2080">
                <coordinates>60.5842111,56.8995481,0.0</coordinates>
            </Point>
        </Placemark>
        <Placemark id="2083">
            <name>Бывшие депо УЖД Шабровского талькового комбината (ru)</name>
            <description/>
            <Point id="2082">
                <coordinates>60.6030454,56.631177,0.0</coordinates>
            </Point>
        </Placemark>
        <Placemark id="2085">
            <name>Заброшенная АЗС (ru)</name>
            <description/>
            <Point id="2084">
                <coordinates>60.5995228,56.9850486,0.0</coordinates>
            </Point>
        </Placemark>
        <Placemark id="2087">
            <name>Недействующий железнодорожный мост через реку Большой Рефт (ru)</name>
            <description/>
            <Point id="2086">
                <coordinates>61.4101572,57.0210014,0.0</coordinates>
            </Point>
        </Placemark>
        <Placemark id="2089">
            <name>Старый БСУ (ru)</name>
            <description/>
            <Point id="2088">
                <coordinates>61.3334064,56.8133274,0.0</coordinates>
            </Point>
        </Placemark>
        <Placemark id="2091">
            <name>Сгоревшая Троицкая церковь общества старообрядцев (Австрийская церковь) (ru)</name>
            <description/>
            <Point id="2090">
                <coordinates>60.6153406,56.8226592,0.0</coordinates>
            </Point>
        </Placemark>
        <Placemark id="2093">
            <name>Izoplitnaya ulitsa, 10</name>
            <description/>
            <Point id="2092">
                <coordinates>60.7346264,56.8685429,0.0</coordinates>
            </Point>
        </Placemark>
        <Placemark id="2095">
            <name>Бывшая пристань пос. Пески (Ресторан «Шарташ») (ru)</name>
            <description/>
            <Point id="2094">
                <coordinates>60.7097625,56.8483485,0.0</coordinates>
            </Point>
        </Placemark>
        <Placemark id="2097">
            <name>Клиническая лаборатория (ru)</name>
            <description/>
            <Point id="2096">
                <coordinates>60.6154354,56.8229582,0.0</coordinates>
            </Point>
        </Placemark>
        <Placemark id="2099">
            <name>Склад казарменного инвентаря (ru)</name>
            <description/>
            <Point id="2098">
                <coordinates>60.6286677,56.8255037,0.0</coordinates>
            </Point>
        </Placemark>
        <Placemark id="2101">
            <name>Заброшенное производственное здание (ru)</name>
            <description/>
            <Point id="2100">
                <coordinates>61.4759945,56.9938149,0.0</coordinates>
            </Point>
        </Placemark>
        <Placemark id="2103">
            <name>Заброшенный садовый участок (ru)</name>
            <description/>
            <Point id="2102">
                <coordinates>60.5005206,56.8449359,0.0</coordinates>
            </Point>
        </Placemark>
        <Placemark id="2105">
            <name>Фундамент недостроенного детского сада (ru)</name>
            <description/>
            <Point id="2104">
                <coordinates>60.8150127,56.7569946,0.0</coordinates>
            </Point>
        </Placemark>
        <Placemark id="2107">
            <name>Котельная (ru)</name>
            <description/>
            <Point id="2106">
                <coordinates>61.1839119,56.6397137,0.0</coordinates>
            </Point>
        </Placemark>
        <Placemark id="2109">
            <name>Заброшенный жилой дом (ru)</name>
            <description/>
            <Point id="2108">
                <coordinates>60.5814015,56.8454845,0.0</coordinates>
            </Point>
        </Placemark>
        <Placemark id="2111">
            <name>Убежище А-51 (ru)</name>
            <description/>
            <Point id="2110">
                <coordinates>60.599344,56.8754845,0.0</coordinates>
            </Point>
        </Placemark>
        <Placemark id="2113">
            <name>Бывший разъезд (ru)</name>
            <description/>
            <Point id="2112">
                <coordinates>61.5750055,57.0800733,0.0</coordinates>
            </Point>
        </Placemark>
        <Placemark id="2115">
            <name>Заброшенный БЗСК (ru)</name>
            <description/>
            <Point id="2114">
                <coordinates>61.3342574,56.8136047,0.0</coordinates>
            </Point>
        </Placemark>
        <Placemark id="2117">
            <name>Полуразрушенный склад (ru)</name>
            <description/>
            <Point id="2116">
                <coordinates>60.8120806,56.6626516,0.0</coordinates>
            </Point>
        </Placemark>
        <Placemark id="2119">
            <name>Заброшенное недостроенное здание (ru)</name>
            <description/>
            <Point id="2118">
                <coordinates>60.8087403,56.763479,0.0</coordinates>
            </Point>
        </Placemark>
        <Placemark id="2121">
            <name>Заброшенный многоквартирный жилой дом (ru)</name>
            <description/>
            <Point id="2120">
                <coordinates>60.8277936,56.6350634,0.0</coordinates>
            </Point>
        </Placemark>
        <Placemark id="2123">
            <name>Заброшенный детский сад (ru)</name>
            <description/>
            <Point id="2122">
                <coordinates>60.5853683,56.7828191,0.0</coordinates>
            </Point>
        </Placemark>
        <Placemark id="2125">
            <name>Заброшенное производственное здание (ru)</name>
            <description/>
            <Point id="2124">
                <coordinates>61.4740191,56.9890024,0.0</coordinates>
            </Point>
        </Placemark>
        <Placemark id="2127">
            <name>Заброшенное здание (ru)</name>
            <description/>
            <Point id="2126">
                <coordinates>61.4796558,56.992051,0.0</coordinates>
            </Point>
        </Placemark>
        <Placemark id="2129">
            <name>Заброшенная столовая (ru)</name>
            <description/>
            <Point id="2128">
                <coordinates>61.192127,57.1617211,0.0</coordinates>
            </Point>
        </Placemark>
        <Placemark id="2131">
            <name>Заброшенное летнее кафе (ru)</name>
            <description/>
            <Point id="2130">
                <coordinates>60.6994487,56.7639912,0.0</coordinates>
            </Point>
        </Placemark>
        <Placemark id="2133">
            <name>Бывшая детская площадка (ru)</name>
            <description/>
            <Point id="2132">
                <coordinates>60.7055139,56.7642191,0.0</coordinates>
            </Point>
        </Placemark>
        <Placemark id="2135">
            <name>Заброшенное здание мельзавода (ru)</name>
            <description/>
            <Point id="2134">
                <coordinates>61.3223468,56.7675685,0.0</coordinates>
            </Point>
        </Placemark>
        <Placemark id="2137">
            <name>Усадьба купца В.С. Ваганова (ru)</name>
            <description/>
            <Point id="2136">
                <coordinates>60.5985822,56.8308457,0.0</coordinates>
            </Point>
        </Placemark>
        <Placemark id="2139">
            <name>Спортивная площадка (ru)</name>
            <description/>
            <Point id="2138">
                <coordinates>60.5456287,56.7673782,0.0</coordinates>
            </Point>
        </Placemark>
        <Placemark id="2141">
            <name>Заброшенный дом (ru)</name>
            <description/>
            <Point id="2140">
                <coordinates>60.9706556,57.0123823,0.0</coordinates>
            </Point>
        </Placemark>
        <Placemark id="2143">
            <name>Здание (ru)</name>
            <description/>
            <Point id="2142">
                <coordinates>60.581017,56.7819708,0.0</coordinates>
            </Point>
        </Placemark>
        <Placemark id="2145">
            <name>Особняк статского советника Ф. Л. Миллера (ru)</name>
            <description/>
            <Point id="2144">
                <coordinates>60.5841145,56.8382543,0.0</coordinates>
            </Point>
        </Placemark>
        <Placemark id="2147">
            <name>Остатки заброшенного хозяйственного здания (ru)</name>
            <description/>
            <Point id="2146">
                <coordinates>61.3104646,56.6244535,0.0</coordinates>
            </Point>
        </Placemark>
        <Placemark id="2149">
            <name>Неиспользуемый железнодорожный мост (ru)</name>
            <description/>
            <Point id="2148">
                <coordinates>61.4587559,56.9796996,0.0</coordinates>
            </Point>
        </Placemark>
        <Placemark id="2151">
            <name>Заброшенная котельная (ru)</name>
            <description/>
            <Point id="2150">
                <coordinates>60.9297765,56.7980271,0.0</coordinates>
            </Point>
        </Placemark>
        <Placemark id="2153">
            <name>Заброшенный жилой дом (ru)</name>
            <description/>
            <Point id="2152">
                <coordinates>60.8216437,56.761365,0.0</coordinates>
            </Point>
        </Placemark>
        <Placemark id="2155">
            <name>Бывшее здание администрации земской больницы (ru)</name>
            <description/>
            <Point id="2154">
                <coordinates>61.2512951,56.6414377,0.0</coordinates>
            </Point>
        </Placemark>
        <Placemark id="2157">
            <name>Заброшенный морг (ru)</name>
            <description/>
            <Point id="2156">
                <coordinates>61.4673229,57.0170052,0.0</coordinates>
            </Point>
        </Placemark>
        <Placemark id="2159">
            <name>Заброшенный детский сад (ru)</name>
            <description/>
            <Point id="2158">
                <coordinates>60.6489092,56.8055719,0.0</coordinates>
            </Point>
        </Placemark>
        <Placemark id="2161">
            <name>Заброшенный жилой дом (ru)</name>
            <description/>
            <Point id="2160">
                <coordinates>60.8222704,56.7609101,0.0</coordinates>
            </Point>
        </Placemark>
        <Placemark id="2163">
            <name>Столовая завода (ru)</name>
            <description/>
            <Point id="2162">
                <coordinates>60.7059001,56.7994448,0.0</coordinates>
            </Point>
        </Placemark>
        <Placemark id="2165">
            <name>Полуразрушенные гаражи (ru)</name>
            <description/>
            <Point id="2164">
                <coordinates>60.7054936,56.7512691,0.0</coordinates>
            </Point>
        </Placemark>
        <Placemark id="2167">
            <name>Заброшенный гараж Уральской государственной медицинской академии (ru)</name>
            <description/>
            <Point id="2166">
                <coordinates>60.5638349,56.8334929,0.0</coordinates>
            </Point>
        </Placemark>
        <Placemark id="2169">
            <name>Бассейн бывшего пионерлагеря «Жемчужина» (ru)</name>
            <description/>
            <Point id="2168">
                <coordinates>60.8863516,56.5685755,0.0</coordinates>
            </Point>
        </Placemark>
        <Placemark id="2171">
            <name>Заброшенный зерновой элеватор (ru)</name>
            <description/>
            <Point id="2170">
                <coordinates>60.8065419,56.6852767,0.0</coordinates>
            </Point>
        </Placemark>
        <Placemark id="2173">
            <name>Кормовой цех (ru)</name>
            <description/>
            <Point id="2172">
                <coordinates>60.9005815,56.7951456,0.0</coordinates>
            </Point>
        </Placemark>
        <Placemark id="2175">
            <name>Особняк в стиле позднего классицизма (ru)</name>
            <description/>
            <Point id="2174">
                <coordinates>60.608206,56.8306444,0.0</coordinates>
            </Point>
        </Placemark>
        <Placemark id="2177">
            <name>Расселённый дом (ru)</name>
            <description/>
            <Point id="2176">
                <coordinates>60.5480521,56.8226006,0.0</coordinates>
            </Point>
        </Placemark>
        <Placemark id="2179">
            <name>Samolyotnaya ulitsa, 8</name>
            <description/>
            <Point id="2178">
                <coordinates>60.6406519,56.7905555,0.0</coordinates>
            </Point>
        </Placemark>
        <Placemark id="2181">
            <name>Место водной станции фабрики Изоплит (ru)</name>
            <description/>
            <Point id="2180">
                <coordinates>60.7266577,56.8646204,0.0</coordinates>
            </Point>
        </Placemark>
        <Placemark id="2183">
            <name>Заброшенный трехэтажный комплекс (ru)</name>
            <description/>
            <Point id="2182">
                <coordinates>60.8728206,56.7699637,0.0</coordinates>
            </Point>
        </Placemark>
        <Placemark id="2185">
            <name>Заброшенная столовая (ru)</name>
            <description/>
            <Point id="2184">
                <coordinates>60.6916259,56.7463432,0.0</coordinates>
            </Point>
        </Placemark>
        <Placemark id="2187">
            <name>Бывшая контора Нижнеисетского завода (ru)</name>
            <description/>
            <Point id="2186">
                <coordinates>60.6935066,56.7495367,0.0</coordinates>
            </Point>
        </Placemark>
        <Placemark id="2189">
            <name>Бывшая районная больница (ru)</name>
            <description/>
            <Point id="2188">
                <coordinates>60.553839,57.0181334,0.0</coordinates>
            </Point>
        </Placemark>
        <Placemark id="2191">
            <name>Площадка (ru)</name>
            <description/>
            <Point id="2190">
                <coordinates>60.6866794,57.0286059,0.0</coordinates>
            </Point>
        </Placemark>
        <Placemark id="2193">
            <name>Остатки строения (ru)</name>
            <description/>
            <Point id="2192">
                <coordinates>60.8125474,56.8468883,0.0</coordinates>
            </Point>
        </Placemark>
        <Placemark id="2195">
            <name>Заброшенный гараж (ru)</name>
            <description/>
            <Point id="2194">
                <coordinates>60.9377939,56.7299096,0.0</coordinates>
            </Point>
        </Placemark>
        <Placemark id="2197">
            <name>Заброшенный бассейн (ru)</name>
            <description/>
            <Point id="2196">
                <coordinates>60.8578764,56.9196549,0.0</coordinates>
            </Point>
        </Placemark>
        <Placemark id="2199">
            <name>Заброшенное здание (ru)</name>
            <description/>
            <Point id="2198">
                <coordinates>60.8457786,56.6975367,0.0</coordinates>
            </Point>
        </Placemark>
        <Placemark id="2201">
            <name>Маслохозяйство (ru)</name>
            <description/>
            <Point id="2200">
                <coordinates>60.5920216,56.7754253,0.0</coordinates>
            </Point>
        </Placemark>
        <Placemark id="2203">
            <name>Заброшенное здание (ru)</name>
            <description/>
            <Point id="2202">
                <coordinates>60.6612843,56.8423342,0.0</coordinates>
            </Point>
        </Placemark>
        <Placemark id="2205">
            <name>Опора путепровода (ru)</name>
            <description/>
            <Point id="2204">
                <coordinates>60.7043793,56.8165237,0.0</coordinates>
            </Point>
        </Placemark>
        <Placemark id="2207">
            <name>Заброшенная лаборатория Шабровского комбината (ru)</name>
            <description/>
            <Point id="2206">
                <coordinates>60.6040687,56.6294243,0.0</coordinates>
            </Point>
        </Placemark>
        <Placemark id="2209">
            <name>Заброшенный железнодорожный путепровод (ru)</name>
            <description/>
            <Point id="2208">
                <coordinates>61.5521156,56.9843544,0.0</coordinates>
            </Point>
        </Placemark>
        <Placemark id="2211">
            <name>Заброшенный павильон «Цветы» (ru)</name>
            <description/>
            <Point id="2210">
                <coordinates>60.6041318,56.8347461,0.0</coordinates>
            </Point>
        </Placemark>
        <Placemark id="2213">
            <name>Старинная каменоломня (ru)</name>
            <description/>
            <Point id="2212">
                <coordinates>60.6825646,56.8495289,0.0</coordinates>
            </Point>
        </Placemark>
        <Placemark id="2215">
            <name>Опора путепровода (ru)</name>
            <description/>
            <Point id="2214">
                <coordinates>60.7041269,56.8162687,0.0</coordinates>
            </Point>
        </Placemark>
        <Placemark id="2217">
            <name>Заброшенное здание (ru)</name>
            <description/>
            <Point id="2216">
                <coordinates>60.6405776,56.8802313,0.0</coordinates>
            </Point>
        </Placemark>
        <Placemark id="2219">
            <name>Заброшенная лыжная база ЦПКиО (ru)</name>
            <description/>
            <Point id="2218">
                <coordinates>60.65272,56.8131997,0.0</coordinates>
            </Point>
        </Placemark>
        <Placemark id="2221">
            <name>Бывший продуктовый магазин «Чкаловский» (ru)</name>
            <description/>
            <Point id="2220">
                <coordinates>60.6173913,56.8040056,0.0</coordinates>
            </Point>
        </Placemark>
        <Placemark id="2223">
            <name>Старые градирни (ru)</name>
            <description/>
            <Point id="2222">
                <coordinates>60.5979372,56.8761572,0.0</coordinates>
            </Point>
        </Placemark>
        <Placemark id="2225">
            <name>Заброшенный недострой (ru)</name>
            <description/>
            <Point id="2224">
                <coordinates>60.6813821,56.748158,0.0</coordinates>
            </Point>
        </Placemark>
        <Placemark id="2227">
            <name>Железнодорожный мост (ru)</name>
            <description/>
            <Point id="2226">
                <coordinates>61.576073,57.0657763,0.0</coordinates>
            </Point>
        </Placemark>
        <Placemark id="2229">
            <name>Бомбоубежище (ru)</name>
            <description/>
            <Point id="2228">
                <coordinates>60.8048213,56.9288702,0.0</coordinates>
            </Point>
        </Placemark>
        <Placemark id="2231">
            <name>Заброшенный дом (ru)</name>
            <description/>
            <Point id="2230">
                <coordinates>60.6473329,56.7857294,0.0</coordinates>
            </Point>
        </Placemark>
        <Placemark id="2233">
            <name>Заброшенный дом (ru)</name>
            <description/>
            <Point id="2232">
                <coordinates>60.6477207,56.7858898,0.0</coordinates>
            </Point>
        </Placemark>
        <Placemark id="2235">
            <name>Бывший склад цемента (ru)</name>
            <description/>
            <Point id="2234">
                <coordinates>61.3349005,56.8135872,0.0</coordinates>
            </Point>
        </Placemark>
        <Placemark id="2237">
            <name>Заброшенный спортзал (ru)</name>
            <description/>
            <Point id="2236">
                <coordinates>61.4711652,57.0170052,0.0</coordinates>
            </Point>
        </Placemark>
        <Placemark id="2239">
            <name>Заброшенное здание бани на Зелёном острове (ru)</name>
            <description/>
            <Point id="2238">
                <coordinates>60.4964748,56.8462061,0.0</coordinates>
            </Point>
        </Placemark>
        <Placemark id="2241">
            <name>Летний бассейн (ru)</name>
            <description/>
            <Point id="2240">
                <coordinates>60.864923,56.9184619,0.0</coordinates>
            </Point>
        </Placemark>
        <Placemark id="2243">
            <name>Заброшенная баня Шабровского комбината (ru)</name>
            <description/>
            <Point id="2242">
                <coordinates>60.6051859,56.6297386,0.0</coordinates>
            </Point>
        </Placemark>
        <Placemark id="2245">
            <name>Заброшенная баскетбольная площадка (ru)</name>
            <description/>
            <Point id="2244">
                <coordinates>60.5548406,56.8370267,0.0</coordinates>
            </Point>
        </Placemark>
        <Placemark id="2247">
            <name>Площадка (ru)</name>
            <description/>
            <Point id="2246">
                <coordinates>60.6954542,57.0273322,0.0</coordinates>
            </Point>
        </Placemark>
        <Placemark id="2249">
            <name>Разрушенный ленточный конвейер топливоподачи (ru)</name>
            <description/>
            <Point id="2248">
                <coordinates>60.500978,56.847298,0.0</coordinates>
            </Point>
        </Placemark>
        <Placemark id="2251">
            <name>Остатки старого строительства (ru)</name>
            <description/>
            <Point id="2250">
                <coordinates>60.6980895,56.7658803,0.0</coordinates>
            </Point>
        </Placemark>
        <Placemark id="2253">
            <name>Заброшенный подземный туннель (ru)</name>
            <description/>
            <Point id="2252">
                <coordinates>60.6036878,56.6298234,0.0</coordinates>
            </Point>
        </Placemark>
        <Placemark id="2255">
            <name>Недостроенное здание ДОЛ «Южный» (ru)</name>
            <description/>
            <Point id="2254">
                <coordinates>61.0674735,56.6175509,0.0</coordinates>
            </Point>
        </Placemark>
        <Placemark id="2257">
            <name>Заброшенная танцплощадка (ru)</name>
            <description/>
            <Point id="2256">
                <coordinates>60.595876,56.9818396,0.0</coordinates>
            </Point>
        </Placemark>
        <Placemark id="2259">
            <name>Заброшенный цех Шабровского комбината (ru)</name>
            <description/>
            <Point id="2258">
                <coordinates>60.6060828,56.6300604,0.0</coordinates>
            </Point>
        </Placemark>
        <Placemark id="2261">
            <name>Заброшенный жилой дом (ru)</name>
            <description/>
            <Point id="2260">
                <coordinates>61.2412851,56.968401,0.0</coordinates>
            </Point>
        </Placemark>
        <Placemark id="2263">
            <name>Заброшенный углекислотный цех (ru)</name>
            <description/>
            <Point id="2262">
                <coordinates>60.6390671,56.880112,0.0</coordinates>
            </Point>
        </Placemark>
        <Placemark id="2265">
            <name>Заброшенные гаражи (ru)</name>
            <description/>
            <Point id="2264">
                <coordinates>60.6390675,56.8787778,0.0</coordinates>
            </Point>
        </Placemark>
        <Placemark id="2267">
            <name>Заброшенное здание (ru)</name>
            <description/>
            <Point id="2266">
                <coordinates>61.3141928,56.7968512,0.0</coordinates>
            </Point>
        </Placemark>
        <Placemark id="2269">
            <name>Неработающий фонтан (ru)</name>
            <description/>
            <Point id="2268">
                <coordinates>60.602218,56.8374268,0.0</coordinates>
            </Point>
        </Placemark>
        <Placemark id="2271">
            <name>Погрузочный пункт (ru)</name>
            <description/>
            <Point id="2270">
                <coordinates>61.470104,56.9822638,0.0</coordinates>
            </Point>
        </Placemark>
        <Placemark id="2273">
            <name>Подземные овощехранилища (ru)</name>
            <description/>
            <Point id="2272">
                <coordinates>60.5851014,56.8551215,0.0</coordinates>
            </Point>
        </Placemark>
        <Placemark id="2275">
            <name>Флигель западный усадьбы Рязанова (ru)</name>
            <description/>
            <Point id="2274">
                <coordinates>60.6107097,56.8278369,0.0</coordinates>
            </Point>
        </Placemark>
        <Placemark id="2277">
            <name>Углежог (ru)</name>
            <description/>
            <Point id="2276">
                <coordinates>60.6949729,57.1603405,0.0</coordinates>
            </Point>
        </Placemark>
        <Placemark id="2279">
            <name>Заброшенный бункер (ru)</name>
            <description/>
            <Point id="2278">
                <coordinates>60.5169653,56.6764485,0.0</coordinates>
            </Point>
        </Placemark>
        <Placemark id="2281">
            <name>Склад (ru)</name>
            <description/>
            <Point id="2280">
                <coordinates>60.9291136,56.7976383,0.0</coordinates>
            </Point>
        </Placemark>
        <Placemark id="2283">
            <name>Заброшенное здание (ru)</name>
            <description/>
            <Point id="2282">
                <coordinates>60.8592507,56.9206747,0.0</coordinates>
            </Point>
        </Placemark>
        <Placemark id="2285">
            <name>Заброшенное здание железнодорожной станции Садовая (ru)</name>
            <description/>
            <Point id="2284">
                <coordinates>60.5662871,56.9279951,0.0</coordinates>
            </Point>
        </Placemark>
        <Placemark id="2287">
            <name>Турбина старой электростанции (ru)</name>
            <description/>
            <Point id="2286">
                <coordinates>61.0666451,56.6159121,0.0</coordinates>
            </Point>
        </Placemark>
        <Placemark id="2289">
            <name>Заброшенная насосная станция (ru)</name>
            <description/>
            <Point id="2288">
                <coordinates>60.5565815,56.7344919,0.0</coordinates>
            </Point>
        </Placemark>
        <Placemark id="2291">
            <name>Заброшенное строительство (ru)</name>
            <description/>
            <Point id="2290">
                <coordinates>61.3148995,56.7659114,0.0</coordinates>
            </Point>
        </Placemark>
        <Placemark id="2293">
            <name>Шарташское месторождение яшмы (ru)</name>
            <description/>
            <Point id="2292">
                <coordinates>60.6739228,56.8535743,0.0</coordinates>
            </Point>
        </Placemark>
        <Placemark id="2295">
            <name>Пустующий барак (ru)</name>
            <description/>
            <Point id="2294">
                <coordinates>61.3078952,56.7905937,0.0</coordinates>
            </Point>
        </Placemark>
        <Placemark id="2297">
            <name>Заброшенная оранжерея (ru)</name>
            <description/>
            <Point id="2296">
                <coordinates>60.9570702,56.7373687,0.0</coordinates>
            </Point>
        </Placemark>
        <Placemark id="2299">
            <name>Полуразрушенное здание (ru)</name>
            <description/>
            <Point id="2298">
                <coordinates>60.6058075,56.6287171,0.0</coordinates>
            </Point>
        </Placemark>
        <Placemark id="2301">
            <name>Заброшенное производственное здание (ru)</name>
            <description/>
            <Point id="2300">
                <coordinates>61.4754124,56.9933518,0.0</coordinates>
            </Point>
        </Placemark>
        <Placemark id="2303">
            <name>Недостроенное здание (ru)</name>
            <description/>
            <Point id="2302">
                <coordinates>60.6728083,56.7565364,0.0</coordinates>
            </Point>
        </Placemark>
        <Placemark id="2305">
            <name>Руины недостроенной понтонной переправы (ru)</name>
            <description/>
            <Point id="2304">
                <coordinates>60.6893626,56.861031,0.0</coordinates>
            </Point>
        </Placemark>
        <Placemark id="2307">
            <name>Остатки путепровода (ru)</name>
            <description/>
            <Point id="2306">
                <coordinates>60.6557589,57.0298656,0.0</coordinates>
            </Point>
        </Placemark>
        <Placemark id="2309">
            <name>Полуразрушенное здание земской школы (ru)</name>
            <description/>
            <Point id="2308">
                <coordinates>60.6141512,56.8447558,0.0</coordinates>
            </Point>
        </Placemark>
        <Placemark id="2311">
            <name>Заброшенное здание (ru)</name>
            <description/>
            <Point id="2310">
                <coordinates>60.7715304,56.9940813,0.0</coordinates>
            </Point>
        </Placemark>
        <Placemark id="2313">
            <name>Заброшенный барак (ru)</name>
            <description/>
            <Point id="2312">
                <coordinates>60.8952989,56.7776466,0.0</coordinates>
            </Point>
        </Placemark>
        <Placemark id="2315">
            <name>Заброшенная теплица школы № 121 (ru)</name>
            <description/>
            <Point id="2314">
                <coordinates>60.5499337,56.829516,0.0</coordinates>
            </Point>
        </Placemark>
        <Placemark id="2317">
            <name>Заброшенная прачечная (ru)</name>
            <description/>
            <Point id="2316">
                <coordinates>60.6450983,56.8818771,0.0</coordinates>
            </Point>
        </Placemark>
        <Placemark id="2319">
            <name>Заброшенный подземный проход (ru)</name>
            <description/>
            <Point id="2318">
                <coordinates>61.3225211,56.7678235,0.0</coordinates>
            </Point>
        </Placemark>
        <Placemark id="2321">
            <name>Неработающий фонтан (ru)</name>
            <description/>
            <Point id="2320">
                <coordinates>60.5946352,56.8433887,0.0</coordinates>
            </Point>
        </Placemark>
        <Placemark id="2323">
            <name>Закрытый подземный переход  (ru)</name>
            <description/>
            <Point id="2322">
                <coordinates>60.6102018,56.8446374,0.0</coordinates>
            </Point>
        </Placemark>
        <Placemark id="2325">
            <name>Бывший КЗС (ru)</name>
            <description/>
            <Point id="2324">
                <coordinates>60.961504,56.6751047,0.0</coordinates>
            </Point>
        </Placemark>
        <Placemark id="2327">
            <name>Заброшенное здание (ru)</name>
            <description/>
            <Point id="2326">
                <coordinates>60.478914,57.0551754,0.0</coordinates>
            </Point>
        </Placemark>
        <Placemark id="2329">
            <name>Заброшенный флигель усадьбы Рязанова (ru)</name>
            <description/>
            <Point id="2328">
                <coordinates>60.6102123,56.8270506,0.0</coordinates>
            </Point>
        </Placemark>
        <Placemark id="2331">
            <name>Заброшенное здание (ru)</name>
            <description/>
            <Point id="2330">
                <coordinates>60.6625657,56.8422789,0.0</coordinates>
            </Point>
        </Placemark>
        <Placemark id="2333">
            <name>Заброшенное здание (ru)</name>
            <description/>
            <Point id="2332">
                <coordinates>60.8015834,56.9270098,0.0</coordinates>
            </Point>
        </Placemark>
        <Placemark id="2335">
            <name>Заброшенное здание (ru)</name>
            <description/>
            <Point id="2334">
                <coordinates>61.3886269,57.1153282,0.0</coordinates>
            </Point>
        </Placemark>
        <Placemark id="2337">
            <name>Заброшенный железнодорожный мост (ru)</name>
            <description/>
            <Point id="2336">
                <coordinates>60.7294508,56.9273298,0.0</coordinates>
            </Point>
        </Placemark>
        <Placemark id="2339">
            <name>Бывший ствол шахты (ru)</name>
            <description/>
            <Point id="2338">
                <coordinates>60.7685969,56.8978591,0.0</coordinates>
            </Point>
        </Placemark>
        <Placemark id="2341">
            <name>Заброшенная весовая для грузовых машин (ru)</name>
            <description/>
            <Point id="2340">
                <coordinates>60.8067152,56.6862852,0.0</coordinates>
            </Point>
        </Placemark>
        <Placemark id="2343">
            <name>Заброшенный подъёмный кран (ru)</name>
            <description/>
            <Point id="2342">
                <coordinates>61.3272848,56.8501437,0.0</coordinates>
            </Point>
        </Placemark>
        <Placemark id="2345">
            <name>Бывший железнодорожный переезд (ru)</name>
            <description/>
            <Point id="2344">
                <coordinates>61.5271362,57.0615356,0.0</coordinates>
            </Point>
        </Placemark>
        <Placemark id="2347">
            <name>Заброшенное здание с трансформаторной подстанцией ТП-5114 (ru)</name>
            <description/>
            <Point id="2346">
                <coordinates>60.5025642,56.6804706,0.0</coordinates>
            </Point>
        </Placemark>
        <Placemark id="2349">
            <name>Заброшенная спортплощадка (ru)</name>
            <description/>
            <Point id="2348">
                <coordinates>61.4121624,56.8558682,0.0</coordinates>
            </Point>
        </Placemark>
        <Placemark id="2351">
            <name>Заброшенное бомбоубежище (ru)</name>
            <description/>
            <Point id="2350">
                <coordinates>60.6566293,56.8482048,0.0</coordinates>
            </Point>
        </Placemark>
        <Placemark id="2353">
            <name>Заброшенное здание (ru)</name>
            <description/>
            <Point id="2352">
                <coordinates>60.7712827,56.9998898,0.0</coordinates>
            </Point>
        </Placemark>
        <Placemark id="2355">
            <name>Заброшенное здание (ru)</name>
            <description/>
            <Point id="2354">
                <coordinates>60.64683,56.6379296,0.0</coordinates>
            </Point>
        </Placemark>
        <Placemark id="2357">
            <name>Заброшенный особняк (ru)</name>
            <description/>
            <Point id="2356">
                <coordinates>60.6325804,56.8267122,0.0</coordinates>
            </Point>
        </Placemark>
        <Placemark id="2359">
            <name>Заброшенное здание (ru)</name>
            <description/>
            <Point id="2358">
                <coordinates>60.6666863,57.1035756,0.0</coordinates>
            </Point>
        </Placemark>
        <Placemark id="2361">
            <name>Старая котельная (ru)</name>
            <description/>
            <Point id="2360">
                <coordinates>60.9601996,56.7377895,0.0</coordinates>
            </Point>
        </Placemark>
        <Placemark id="2363">
            <name>Veterinarnaya ulitsa, 12</name>
            <description/>
            <Point id="2362">
                <coordinates>60.5629487,56.8239648,0.0</coordinates>
            </Point>
        </Placemark>
        <Placemark id="2365">
            <name>Заброшенное здание (ru)</name>
            <description/>
            <Point id="2364">
                <coordinates>60.875936,56.8865548,0.0</coordinates>
            </Point>
        </Placemark>
        <Placemark id="2367">
            <name>Заброшенный хромитовый рудник (ru)</name>
            <description/>
            <Point id="2366">
                <coordinates>60.765244,57.2766147,0.0</coordinates>
            </Point>
        </Placemark>
        <Placemark id="2369">
            <name>Недействующий железнодорожный путепровод (ru)</name>
            <description/>
            <Point id="2368">
                <coordinates>61.4098271,57.0187858,0.0</coordinates>
            </Point>
        </Placemark>
        <Placemark id="2371">
            <name>Бывшее караульное помещение и КПП3 (ru)</name>
            <description/>
            <Point id="2370">
                <coordinates>60.931099,56.7982792,0.0</coordinates>
            </Point>
        </Placemark>
        <Placemark id="2373">
            <name>Полуразрушенное здание (ru)</name>
            <description/>
            <Point id="2372">
                <coordinates>60.8257023,56.6502948,0.0</coordinates>
            </Point>
        </Placemark>
        <Placemark id="2375">
            <name>Разваленный дом (ru)</name>
            <description/>
            <Point id="2374">
                <coordinates>60.6505017,56.8993578,0.0</coordinates>
            </Point>
        </Placemark>
        <Placemark id="2377">
            <name>Неработающий фонтан (ru)</name>
            <description/>
            <Point id="2376">
                <coordinates>60.5905796,56.7794983,0.0</coordinates>
            </Point>
        </Placemark>
        <Placemark id="2379">
            <name>Бывшая насосная станция (ru)</name>
            <description/>
            <Point id="2378">
                <coordinates>60.8657758,56.9298107,0.0</coordinates>
            </Point>
        </Placemark>
        <Placemark id="2381">
            <name>Недостроенный объект (ru)</name>
            <description/>
            <Point id="2380">
                <coordinates>60.5866622,56.7683688,0.0</coordinates>
            </Point>
        </Placemark>
        <Placemark id="2383">
            <name>Заброшенное здание (ru)</name>
            <description/>
            <Point id="2382">
                <coordinates>61.4155965,57.0009413,0.0</coordinates>
            </Point>
        </Placemark>
        <Placemark id="2385">
            <name>Цементный элеватор (ru)</name>
            <description/>
            <Point id="2384">
                <coordinates>61.4743494,56.9899787,0.0</coordinates>
            </Point>
        </Placemark>
        <Placemark id="2387">
            <name>Бывшая АЗС «Едиар» (ru)</name>
            <description/>
            <Point id="2386">
                <coordinates>61.4784514,57.0351419,0.0</coordinates>
            </Point>
        </Placemark>
        <Placemark id="2389">
            <name>Дизель генераторная (ru)</name>
            <description/>
            <Point id="2388">
                <coordinates>60.8955819,56.7779912,0.0</coordinates>
            </Point>
        </Placemark>
        <Placemark id="2391">
            <name>Заброшенные теплицы (ru)</name>
            <description/>
            <Point id="2390">
                <coordinates>61.4720731,57.0164912,0.0</coordinates>
            </Point>
        </Placemark>
        <Placemark id="2393">
            <name>Заброшенная конструкция (ru)</name>
            <description/>
            <Point id="2392">
                <coordinates>61.4147556,56.999386,0.0</coordinates>
            </Point>
        </Placemark>
        <Placemark id="2395">
            <name>Неиспользуемый нерегулируемый железнодорожный переезд (ru)</name>
            <description/>
            <Point id="2394">
                <coordinates>60.6219564,56.707554,0.0</coordinates>
            </Point>
        </Placemark>
        <Placemark id="2397">
            <name>Заброшенное здание БСУ (ru)</name>
            <description/>
            <Point id="2396">
                <coordinates>61.4760062,56.99121,0.0</coordinates>
            </Point>
        </Placemark>
        <Placemark id="2399">
            <name>Весовая Седельниковского щебеночного карьера (ru)</name>
            <description/>
            <Point id="2398">
                <coordinates>60.7166148,56.6722706,0.0</coordinates>
            </Point>
        </Placemark>
        <Placemark id="2401">
            <name>Заброшенная электрощитовая (ru)</name>
            <description/>
            <Point id="2400">
                <coordinates>61.2111197,57.2954456,0.0</coordinates>
            </Point>
        </Placemark>
        <Placemark id="2403">
            <name>Заброшенный конвейер (ru)</name>
            <description/>
            <Point id="2402">
                <coordinates>61.4744071,56.9895906,0.0</coordinates>
            </Point>
        </Placemark>
        <Placemark id="2405">
            <name>Старая цистерна с мазутом (ru)</name>
            <description/>
            <Point id="2404">
                <coordinates>61.3207188,56.7671532,0.0</coordinates>
            </Point>
        </Placemark>
        <Placemark id="2407">
            <name>Заброшенная насосная станция (ru)</name>
            <description/>
            <Point id="2406">
                <coordinates>60.6801857,56.816723,0.0</coordinates>
            </Point>
        </Placemark>
        <Placemark id="2409">
            <name>Бывшая шахтная вытяжка (ru)</name>
            <description/>
            <Point id="2408">
                <coordinates>60.8058955,56.9163733,0.0</coordinates>
            </Point>
        </Placemark>
        <Placemark id="2411">
            <name>Сгоревший частный дом (ru)</name>
            <description/>
            <Point id="2410">
                <coordinates>60.6113671,56.8286851,0.0</coordinates>
            </Point>
        </Placemark>
        <Placemark id="2413">
            <name>Сооружение (ru)</name>
            <description/>
            <Point id="2412">
                <coordinates>60.4856943,57.053108,0.0</coordinates>
            </Point>
        </Placemark>
        <Placemark id="2415">
            <name>Заброшенная комментаторская будка (ru)</name>
            <description/>
            <Point id="2414">
                <coordinates>60.6454016,56.7723098,0.0</coordinates>
            </Point>
        </Placemark>
        <Placemark id="2417">
            <name>Недостроенное здание (ru)</name>
            <description/>
            <Point id="2416">
                <coordinates>60.8180457,56.7525035,0.0</coordinates>
            </Point>
        </Placemark>
        <Placemark id="2419">
            <name>Полуразрушенное здание Старковского кордона (ru)</name>
            <description/>
            <Point id="2418">
                <coordinates>61.4575217,57.0859623,0.0</coordinates>
            </Point>
        </Placemark>
        <Placemark id="2421">
            <name>Котельная (ru)</name>
            <description/>
            <Point id="2420">
                <coordinates>60.8730272,56.7700085,0.0</coordinates>
            </Point>
        </Placemark>
        <Placemark id="2423">
            <name>Закрытый подземный переход (ru)</name>
            <description/>
            <Point id="2422">
                <coordinates>60.7506598,56.8934566,0.0</coordinates>
            </Point>
        </Placemark>
        <Placemark id="2425">
            <name>Бывший ствол шахты № 673 (ru)</name>
            <description/>
            <Point id="2424">
                <coordinates>60.8059304,56.9165856,0.0</coordinates>
            </Point>
        </Placemark>
        <Placemark id="2427">
            <name>Заброшенный дом (ru)</name>
            <description/>
            <Point id="2426">
                <coordinates>60.80173,56.6843294,0.0</coordinates>
            </Point>
        </Placemark>
        <Placemark id="2429">
            <name>Недостроенный особняк (ru)</name>
            <description/>
            <Point id="2428">
                <coordinates>60.6765793,56.8156822,0.0</coordinates>
            </Point>
        </Placemark>
        <Placemark id="2431">
            <name>Старый переход (ru)</name>
            <description/>
            <Point id="2430">
                <coordinates>61.304639,56.7907815,0.0</coordinates>
            </Point>
        </Placemark>
        <Placemark id="2433">
            <name>Заброшенная кочегарка (ru)</name>
            <description/>
            <Point id="2432">
                <coordinates>60.8975573,56.7798068,0.0</coordinates>
            </Point>
        </Placemark>
        <Placemark id="2435">
            <name>Недостроенное здание (ru)</name>
            <description/>
            <Point id="2434">
                <coordinates>60.5861846,56.7682832,0.0</coordinates>
            </Point>
        </Placemark>
        <Placemark id="2437">
            <name>Башня Рейшера («Белая башня») (ru)</name>
            <description/>
            <Point id="2436">
                <coordinates>60.5723249,56.8931557,0.0</coordinates>
            </Point>
        </Placemark>
        <Placemark id="2439">
            <name>Заброшенное здание (ru)</name>
            <description/>
            <Point id="2438">
                <coordinates>60.8715157,56.7314205,0.0</coordinates>
            </Point>
        </Placemark>
        <Placemark id="2441">
            <name>Магазин-пристрой (ru)</name>
            <description/>
            <Point id="2440">
                <coordinates>60.6221557,56.8636908,0.0</coordinates>
            </Point>
        </Placemark>
        <Placemark id="2443">
            <name>Заброшенное здание (ru)</name>
            <description/>
            <Point id="2442">
                <coordinates>60.8154831,56.7375446,0.0</coordinates>
            </Point>
        </Placemark>
        <Placemark id="2445">
            <name>Заброшенный барак (ru)</name>
            <description/>
            <Point id="2444">
                <coordinates>60.8957844,56.7775033,0.0</coordinates>
            </Point>
        </Placemark>
        <Placemark id="2447">
            <name>Заброшенный фонтан (ru)</name>
            <description/>
            <Point id="2446">
                <coordinates>61.4574847,57.0147376,0.0</coordinates>
            </Point>
        </Placemark>
        <Placemark id="2449">
            <name>Заброшенный фонтан (ru)</name>
            <description/>
            <Point id="2448">
                <coordinates>61.4743851,56.9832595,0.0</coordinates>
            </Point>
        </Placemark>
        <Placemark id="2451">
            <name>Заброшенная база спортинвентаря (ru)</name>
            <description/>
            <Point id="2450">
                <coordinates>60.6051332,56.7384104,0.0</coordinates>
            </Point>
        </Placemark>
        <Placemark id="2453">
            <name>Заброшенный дом (ru)</name>
            <description/>
            <Point id="2452">
                <coordinates>60.9048771,56.5779185,0.0</coordinates>
            </Point>
        </Placemark>
        <Placemark id="2455">
            <name>Бывший магазин станции «Колюткино» (ru)</name>
            <description/>
            <Point id="2454">
                <coordinates>61.1837501,56.6423637,0.0</coordinates>
            </Point>
        </Placemark>
        <Placemark id="2457">
            <name>Заброшенный Шайдуровский хромитовый рудник (ru)</name>
            <description/>
            <Point id="2456">
                <coordinates>60.891876,56.6104879,0.0</coordinates>
            </Point>
        </Placemark>
        <Placemark id="2459">
            <name>Погреб (ru)</name>
            <description/>
            <Point id="2458">
                <coordinates>60.6584544,56.8479553,0.0</coordinates>
            </Point>
        </Placemark>
        <Placemark id="2461">
            <name>Заброшенная кузница (ru)</name>
            <description/>
            <Point id="2460">
                <coordinates>60.8035995,56.6653999,0.0</coordinates>
            </Point>
        </Placemark>
        <Placemark id="2463">
            <name>Бывший КПП (ru)</name>
            <description/>
            <Point id="2462">
                <coordinates>61.3748731,56.7954452,0.0</coordinates>
            </Point>
        </Placemark>
        <Placemark id="2465">
            <name>Заброшенный жилой дом (ru)</name>
            <description/>
            <Point id="2464">
                <coordinates>61.6959035,56.9238168,0.0</coordinates>
            </Point>
        </Placemark>
        <Placemark id="2467">
            <name>Бывший учебный объект ГО (ru)</name>
            <description/>
            <Point id="2466">
                <coordinates>60.6885221,56.8287781,0.0</coordinates>
            </Point>
        </Placemark>
        <Placemark id="2469">
            <name>Водокачка (ru)</name>
            <description/>
            <Point id="2468">
                <coordinates>60.9323459,56.7077459,0.0</coordinates>
            </Point>
        </Placemark>
        <Placemark id="2471">
            <name>Заброшенный железнодорожный пост (ru)</name>
            <description/>
            <Point id="2470">
                <coordinates>60.7973951,56.9332667,0.0</coordinates>
            </Point>
        </Placemark>
        <Placemark id="2473">
            <name>Заброшенный фонтан (ru)</name>
            <description/>
            <Point id="2472">
                <coordinates>60.5951297,56.8413043,0.0</coordinates>
            </Point>
        </Placemark>
        <Placemark id="2475">
            <name>Заброшенный пост дежурного по переезду (ru)</name>
            <description/>
            <Point id="2474">
                <coordinates>60.9049713,56.712567,0.0</coordinates>
            </Point>
        </Placemark>
        <Placemark id="2477">
            <name>Заброшенная насосная (ru)</name>
            <description/>
            <Point id="2476">
                <coordinates>61.2563887,56.6920372,0.0</coordinates>
            </Point>
        </Placemark>
        <Placemark id="2479">
            <name>Заброшенный дом (ru)</name>
            <description/>
            <Point id="2478">
                <coordinates>60.7448271,56.730885,0.0</coordinates>
            </Point>
        </Placemark>
        <Placemark id="2481">
            <name>Бункер (ru)</name>
            <description/>
            <Point id="2480">
                <coordinates>60.5030313,56.70802,0.0</coordinates>
            </Point>
        </Placemark>
        <Placemark id="2483">
            <name>Заброшенный деревянный дом (ru)</name>
            <description/>
            <Point id="2482">
                <coordinates>60.8410459,56.6889381,0.0</coordinates>
            </Point>
        </Placemark>
        <Placemark id="2485">
            <name>Погреб (ru)</name>
            <description/>
            <Point id="2484">
                <coordinates>60.9590484,56.7230815,0.0</coordinates>
            </Point>
        </Placemark>
        <Placemark id="2487">
            <name>ул. 9 Января (ru), 32</name>
            <description/>
            <Point id="2486">
                <coordinates>60.7369235,56.8960487,0.0</coordinates>
            </Point>
        </Placemark>
        <Placemark id="2489">
            <name>Недействующая трансформаторная подстанция (ru)</name>
            <description/>
            <Point id="2488">
                <coordinates>60.6404109,56.8803647,0.0</coordinates>
            </Point>
        </Placemark>
        <Placemark id="2491">
            <name>Заброшенный объект (ru)</name>
            <description/>
            <Point id="2490">
                <coordinates>61.3174641,56.8117168,0.0</coordinates>
            </Point>
        </Placemark>
        <Placemark id="2493">
            <name>Руины котельной, лыжной базы ЦПКиО (ru)</name>
            <description/>
            <Point id="2492">
                <coordinates>60.6531221,56.8131981,0.0</coordinates>
            </Point>
        </Placemark>
        <Placemark id="2495">
            <name>Заброшенный дом (ru)</name>
            <description/>
            <Point id="2494">
                <coordinates>60.5280611,56.8324246,0.0</coordinates>
            </Point>
        </Placemark>
        <Placemark id="2497">
            <name>Moskovsky trakt, 9-й км, 29а</name>
            <description/>
            <Point id="2496">
                <coordinates>60.4925599,56.8213654,0.0</coordinates>
            </Point>
        </Placemark>
        <Placemark id="2499">
            <name>Заброшенный Дом ребёнка (ru)</name>
            <description/>
            <Point id="2498">
                <coordinates>60.689823,56.8628698,0.0</coordinates>
            </Point>
        </Placemark>
        <Placemark id="2501">
            <name>ulitsa Kirova, 61</name>
            <description/>
            <Point id="2500">
                <coordinates>60.5576758,56.8395763,0.0</coordinates>
            </Point>
        </Placemark>
        <Placemark id="2503">
            <name>Заброшенное здание (ru)</name>
            <description/>
            <Point id="2502">
                <coordinates>60.7621222,56.8206582,0.0</coordinates>
            </Point>
        </Placemark>
        <Placemark id="2505">
            <name>Недействующая автобусная остановка «Станция Шарташ» (ru)</name>
            <description/>
            <Point id="2504">
                <coordinates>60.6465628,56.828997,0.0</coordinates>
            </Point>
        </Placemark>
        <Placemark id="2507">
            <name>Парашютная вышка (ru)</name>
            <description/>
            <Point id="2506">
                <coordinates>60.5613679,56.798704,0.0</coordinates>
            </Point>
        </Placemark>
        <Placemark id="2509">
            <name>ул. Радуга (ru), 11</name>
            <description/>
            <Point id="2508">
                <coordinates>60.5985886,56.9746845,0.0</coordinates>
            </Point>
        </Placemark>
        <Placemark id="2511">
            <name>ulitsa Tankistov, 16</name>
            <description/>
            <Point id="2510">
                <coordinates>60.5273402,56.8352176,0.0</coordinates>
            </Point>
        </Placemark>
        <Placemark id="2513">
            <name>ulitsa Parkhomenko, 11</name>
            <description/>
            <Point id="2512">
                <coordinates>60.6857487,56.7468491,0.0</coordinates>
            </Point>
        </Placemark>
        <Placemark id="2515">
            <name>Заброшенная насосная станция (ru)</name>
            <description/>
            <Point id="2514">
                <coordinates>60.6501692,56.8768739,0.0</coordinates>
            </Point>
        </Placemark>
        <Placemark id="2517">
            <name>Бывшая котельная (ru)</name>
            <description/>
            <Point id="2516">
                <coordinates>60.5055914,56.715795,0.0</coordinates>
            </Point>
        </Placemark>
        <Placemark id="2519">
            <name>Заброшенное здание (ru)</name>
            <description/>
            <Point id="2518">
                <coordinates>60.7695824,56.7111051,0.0</coordinates>
            </Point>
        </Placemark>
        <Placemark id="2521">
            <name>Старый шурф (ru)</name>
            <description/>
            <Point id="2520">
                <coordinates>61.7254748,56.7758089,0.0</coordinates>
            </Point>
        </Placemark>
        <Placemark id="2523">
            <name>Водонапорная башня (ru)</name>
            <description/>
            <Point id="2522">
                <coordinates>60.7378282,56.8993713,0.0</coordinates>
            </Point>
        </Placemark>
        <Placemark id="2525">
            <name>Заброшенный карьер (ru)</name>
            <description/>
            <Point id="2524">
                <coordinates>60.6604366,56.5807497,0.0</coordinates>
            </Point>
        </Placemark>
        <Placemark id="2527">
            <name>Заброшенное здание (ru)</name>
            <description/>
            <Point id="2526">
                <coordinates>60.7633994,56.9560854,0.0</coordinates>
            </Point>
        </Placemark>
        <Placemark id="2529">
            <name>Затопленные остатки насосной станции (ru)</name>
            <description/>
            <Point id="2528">
                <coordinates>60.6963205,56.7612398,0.0</coordinates>
            </Point>
        </Placemark>
        <Placemark id="2531">
            <name>Здание киоска (ru)</name>
            <description/>
            <Point id="2530">
                <coordinates>60.8536965,56.9111519,0.0</coordinates>
            </Point>
        </Placemark>
        <Placemark id="2533">
            <name>Railway crossing</name>
            <description/>
            <Point id="2532">
                <coordinates>60.9286309,56.7128611,0.0</coordinates>
            </Point>
        </Placemark>
        <Placemark id="2535">
            <name>Хозяйственный корпус (ru)</name>
            <description/>
            <Point id="2534">
                <coordinates>60.6156604,56.8347039,0.0</coordinates>
            </Point>
        </Placemark>
        <Placemark id="2537">
            <name>Заброшенная АЗС времен СССР (ru)</name>
            <description/>
            <Point id="2536">
                <coordinates>61.2450077,56.6433537,0.0</coordinates>
            </Point>
        </Placemark>
        <Placemark id="2539">
            <name>Заброшенный скотомогильник (ru)</name>
            <description/>
            <Point id="2538">
                <coordinates>60.9560617,56.6601766,0.0</coordinates>
            </Point>
        </Placemark>
        <Placemark id="2541">
            <name>Недействующая автобусная остановка «Комсомольская» (ru)</name>
            <description/>
            <Point id="2540">
                <coordinates>60.657202,56.8241568,0.0</coordinates>
            </Point>
        </Placemark>
        <Placemark id="2543">
            <name>Фонтан (ru)</name>
            <description/>
            <Point id="2542">
                <coordinates>61.463431,57.0141142,0.0</coordinates>
            </Point>
        </Placemark>
        <Placemark id="2545">
            <name>Магазин (ru)</name>
            <description/>
            <Point id="2544">
                <coordinates>60.8042304,56.9124755,0.0</coordinates>
            </Point>
        </Placemark>
        <Placemark id="2547">
            <name>Заброшенный фундамент (ru)</name>
            <description/>
            <Point id="2546">
                <coordinates>60.5075214,56.827018,0.0</coordinates>
            </Point>
        </Placemark>
        <Placemark id="2549">
            <name>Заброшенная башня (ru)</name>
            <description/>
            <Point id="2548">
                <coordinates>61.4176098,56.7584984,0.0</coordinates>
            </Point>
        </Placemark>
        <Placemark id="2551">
            <name>Старый КПП (ru)</name>
            <description/>
            <Point id="2550">
                <coordinates>60.961926,56.7263898,0.0</coordinates>
            </Point>
        </Placemark>
        <Placemark id="2553">
            <name>Заброшенный дом (ru)</name>
            <description/>
            <Point id="2552">
                <coordinates>60.5487548,56.7059154,0.0</coordinates>
            </Point>
        </Placemark>
        <Placemark id="2555">
            <name>Заброшенная теплостанция (ru)</name>
            <description/>
            <Point id="2554">
                <coordinates>60.5331015,56.9839586,0.0</coordinates>
            </Point>
        </Placemark>
        <Placemark id="2557">
            <name>Заброшенный недостроенный гараж (ru)</name>
            <description/>
            <Point id="2556">
                <coordinates>60.7355801,56.7864225,0.0</coordinates>
            </Point>
        </Placemark>
        <Placemark id="2559">
            <name>Паровоз Эм 726-14 (ru)</name>
            <description/>
            <Point id="2558">
                <coordinates>60.5184055,56.8659485,0.0</coordinates>
            </Point>
        </Placemark>
        <Placemark id="2561">
            <name>Заброшенный жилой дом (ru)</name>
            <description/>
            <Point id="2560">
                <coordinates>61.6954391,56.9244376,0.0</coordinates>
            </Point>
        </Placemark>
        <Placemark id="2563">
            <name>Развалины (ru)</name>
            <description/>
            <Point id="2562">
                <coordinates>60.6113697,56.7664675,0.0</coordinates>
            </Point>
        </Placemark>
        <Placemark id="2565">
            <name>Заброшенная водонапорная башня (ru)</name>
            <description/>
            <Point id="2564">
                <coordinates>61.4781752,57.0069288,0.0</coordinates>
            </Point>
        </Placemark>
        <Placemark id="2567">
            <name>Странное закрытое сооружение (ru)</name>
            <description/>
            <Point id="2566">
                <coordinates>61.3340369,56.8141033,0.0</coordinates>
            </Point>
        </Placemark>
        <Placemark id="2569">
            <name>Родник (ru)</name>
            <description/>
            <Point id="2568">
                <coordinates>60.6605385,56.8050445,0.0</coordinates>
            </Point>
        </Placemark>
        <Placemark id="2571">
            <name>Заброшенная теплостанция (ru)</name>
            <description/>
            <Point id="2570">
                <coordinates>60.533014,56.9837382,0.0</coordinates>
            </Point>
        </Placemark>
        <Placemark id="2573">
            <name>ulitsa Tankistov, 18</name>
            <description/>
            <Point id="2572">
                <coordinates>60.5271309,56.8350451,0.0</coordinates>
            </Point>
        </Placemark>
        <Placemark id="2575">
            <name>Заброшенный «Фиделевский» железнодорожный переезд (ru)</name>
            <description/>
            <Point id="2574">
                <coordinates>60.7856788,56.7545433,0.0</coordinates>
            </Point>
        </Placemark>
        <Placemark id="2577">
            <name>Заброшенное одноэтажное здание  (ru)</name>
            <description/>
            <Point id="2576">
                <coordinates>60.661465,56.8430365,0.0</coordinates>
            </Point>
        </Placemark>
        <Placemark id="2579">
            <name>Мачта освещения (ru)</name>
            <description/>
            <Point id="2578">
                <coordinates>60.6465053,56.7724888,0.0</coordinates>
            </Point>
        </Placemark>
        <Placemark id="2581">
            <name>Заброшенное здание (ru)</name>
            <description/>
            <Point id="2580">
                <coordinates>60.640532,56.8796183,0.0</coordinates>
            </Point>
        </Placemark>
        <Placemark id="2583">
            <name>Брошенный козловой кран (ru)</name>
            <description/>
            <Point id="2582">
                <coordinates>60.6388757,56.8789478,0.0</coordinates>
            </Point>
        </Placemark>
        <Placemark id="2585">
            <name>Заброшенное убежище гражданской обороны (ru)</name>
            <description/>
            <Point id="2584">
                <coordinates>60.603598,56.8549953,0.0</coordinates>
            </Point>
        </Placemark>
        <Placemark id="2587">
            <name>Заброшенный фонтан «Дельфин» (ru)</name>
            <description/>
            <Point id="2586">
                <coordinates>60.5939272,56.8502583,0.0</coordinates>
            </Point>
        </Placemark>
        <Placemark id="2589">
            <name>Заброшенная водокачка (ru)</name>
            <description/>
            <Point id="2588">
                <coordinates>60.8966172,56.7776415,0.0</coordinates>
            </Point>
        </Placemark>
        <Placemark id="2591">
            <name>Заброшенная столовая (ru)</name>
            <description/>
            <Point id="2590">
                <coordinates>60.5092172,56.6886729,0.0</coordinates>
            </Point>
        </Placemark>
        <Placemark id="2593">
            <name>ул. Ленина (ru), 50</name>
            <description/>
            <Point id="2592">
                <coordinates>61.131747,56.736928,0.0</coordinates>
            </Point>
        </Placemark>
        <Placemark id="2595">
            <name>Бывшая будка дежурного по переезду (ru)</name>
            <description/>
            <Point id="2594">
                <coordinates>61.3495823,56.7559017,0.0</coordinates>
            </Point>
        </Placemark>
        <Placemark id="2597">
            <name>Заброшенный дом (ru)</name>
            <description/>
            <Point id="2596">
                <coordinates>60.5330356,56.8324104,0.0</coordinates>
            </Point>
        </Placemark>
        <Placemark id="2599">
            <name>Странные платформы (поезд-генератор?) (ru)</name>
            <description/>
            <Point id="2598">
                <coordinates>60.5187194,56.865888,0.0</coordinates>
            </Point>
        </Placemark>
        <Placemark id="2601">
            <name>Опора старого пешеходного моста (ru)</name>
            <description/>
            <Point id="2600">
                <coordinates>60.5148583,56.866457,0.0</coordinates>
            </Point>
        </Placemark>
        <Placemark id="2603">
            <name>Заброшенное бомбоубежище талькового комбината (ru)</name>
            <description/>
            <Point id="2602">
                <coordinates>60.6064384,56.6298802,0.0</coordinates>
            </Point>
        </Placemark>
        <Placemark id="2605">
            <name>Заброшенный высохший колодец (ru)</name>
            <description/>
            <Point id="2604">
                <coordinates>61.3517042,56.5656406,0.0</coordinates>
            </Point>
        </Placemark>
        <Placemark id="2607">
            <name>Сгоревший дом (ru)</name>
            <description/>
            <Point id="2606">
                <coordinates>60.5191157,56.6803897,0.0</coordinates>
            </Point>
        </Placemark>
        <Placemark id="2609">
            <name>Заброшенный экскаватор Warynski KM-602 (ru)</name>
            <description/>
            <Point id="2608">
                <coordinates>60.6047016,56.6264015,0.0</coordinates>
            </Point>
        </Placemark>
        <Placemark id="2611">
            <name>Заброшенный жилой дом (ru)</name>
            <description/>
            <Point id="2610">
                <coordinates>61.6964252,56.9238618,0.0</coordinates>
            </Point>
        </Placemark>
        <Placemark id="2613">
            <name>Вход в рудник (ru)</name>
            <description/>
            <Point id="2612">
                <coordinates>60.6785064,56.9110749,0.0</coordinates>
            </Point>
        </Placemark>
        <Placemark id="2615">
            <name>Баня (ru)</name>
            <description/>
            <Point id="2614">
                <coordinates>61.1999028,56.8456826,0.0</coordinates>
            </Point>
        </Placemark>
        <Placemark id="2617">
            <name>Заброшенный фонтан (ru)</name>
            <description/>
            <Point id="2616">
                <coordinates>61.4542252,57.0149714,0.0</coordinates>
            </Point>
        </Placemark>
        <Placemark id="2619">
            <name>Заброшенный фонтан (ru)</name>
            <description/>
            <Point id="2618">
                <coordinates>61.4477797,57.0097215,0.0</coordinates>
            </Point>
        </Placemark>
        <Placemark id="2621">
            <name>Заброшенное техническое здание аэропорта (ru)</name>
            <description/>
            <Point id="2620">
                <coordinates>60.8249232,56.7380059,0.0</coordinates>
            </Point>
        </Placemark>
        <Placemark id="2623">
            <name>Заброшенная водонапорная башня (ru)</name>
            <description/>
            <Point id="2622">
                <coordinates>60.7860398,56.7715915,0.0</coordinates>
            </Point>
        </Placemark>
        <Placemark id="2625">
            <name>ulitsa Yegorova, 26</name>
            <description/>
            <Point id="2624">
                <coordinates>60.5540907,56.8508601,0.0</coordinates>
            </Point>
        </Placemark>
        <Placemark id="2627">
            <name>Заброшенное здание (ru)</name>
            <description/>
            <Point id="2626">
                <coordinates>60.5022815,56.6801466,0.0</coordinates>
            </Point>
        </Placemark>
        <Placemark id="2629">
            <name>Заброшенный домик (ru)</name>
            <description/>
            <Point id="2628">
                <coordinates>60.4955327,56.6973181,0.0</coordinates>
            </Point>
        </Placemark>
        <Placemark id="2631">
            <name>Артезианская скважина № 1 Уралмашзавода (ru)</name>
            <description/>
            <Point id="2630">
                <coordinates>60.5566472,56.9068377,0.0</coordinates>
            </Point>
        </Placemark>
        <Placemark id="2633">
            <name>ulitsa Yegorova, 26а</name>
            <description/>
            <Point id="2632">
                <coordinates>60.5538083,56.8507701,0.0</coordinates>
            </Point>
        </Placemark>
        <Placemark id="2635">
            <name>Пустующий павильон (ru)</name>
            <description/>
            <Point id="2634">
                <coordinates>60.6053454,56.8575869,0.0</coordinates>
            </Point>
        </Placemark>
        <Placemark id="2637">
            <name>Водонапорная башня (ru)</name>
            <description/>
            <Point id="2636">
                <coordinates>60.5109732,56.8740047,0.0</coordinates>
            </Point>
        </Placemark>
        <Placemark id="2639">
            <name>Заброшенный дом (ru)</name>
            <description/>
            <Point id="2638">
                <coordinates>60.7938685,56.6754899,0.0</coordinates>
            </Point>
        </Placemark>
        <Placemark id="2641">
            <name>Заброшенный шлагбаум (ru)</name>
            <description/>
            <Point id="2640">
                <coordinates>61.4207416,57.0336362,0.0</coordinates>
            </Point>
        </Placemark>
        <Placemark id="2643">
            <name>Закрытый северо-восточный вход в парк (ru)</name>
            <description/>
            <Point id="2642">
                <coordinates>60.6145331,56.8483073,0.0</coordinates>
            </Point>
        </Placemark>
        <Placemark id="2645">
            <name>Водонапорная башня (ru)</name>
            <description/>
            <Point id="2644">
                <coordinates>60.919447,56.945118,0.0</coordinates>
            </Point>
        </Placemark>
        <Placemark id="2647">
            <name>Заброшенное строение (ru)</name>
            <description/>
            <Point id="2646">
                <coordinates>60.7336878,56.7852427,0.0</coordinates>
            </Point>
        </Placemark>
        <Placemark id="2649">
            <name>Водонапорная башня «Звезда» (ru)</name>
            <description/>
            <Point id="2648">
                <coordinates>60.5717897,56.8627313,0.0</coordinates>
            </Point>
        </Placemark>
        <Placemark id="2651">
            <name>Заброшенный вагон (ru)</name>
            <description/>
            <Point id="2650">
                <coordinates>60.7971609,56.9334868,0.0</coordinates>
            </Point>
        </Placemark>
        <Placemark id="2653">
            <name>Заброшенный фонтан (ru)</name>
            <description/>
            <Point id="2652">
                <coordinates>61.4696839,57.0181835,0.0</coordinates>
            </Point>
        </Placemark>
        <Placemark id="2655">
            <name>Гидротехническое сооружение (ru)</name>
            <description/>
            <Point id="2654">
                <coordinates>60.6970327,56.8159618,0.0</coordinates>
            </Point>
        </Placemark>
        <Placemark id="2657">
            <name>Заброшенная трансформаторная подстанция (ru)</name>
            <description/>
            <Point id="2656">
                <coordinates>60.6039342,56.6256443,0.0</coordinates>
            </Point>
        </Placemark>
        <Placemark id="2659">
            <name>Заброшенная водокачка (ru)</name>
            <description/>
            <Point id="2658">
                <coordinates>60.6173698,56.7446782,0.0</coordinates>
            </Point>
        </Placemark>
        <Placemark id="2661">
            <name>Недействующий фонтан (остатки) (ru)</name>
            <description/>
            <Point id="2660">
                <coordinates>60.5800026,56.827156,0.0</coordinates>
            </Point>
        </Placemark>
        <Placemark id="2663">
            <name>Труба (ru)</name>
            <description/>
            <Point id="2662">
                <coordinates>61.4149313,56.9996719,0.0</coordinates>
            </Point>
        </Placemark>
        <Placemark id="2665">
            <name>Малая архитектурная форма (ru)</name>
            <description/>
            <Point id="2664">
                <coordinates>60.6385256,56.8416566,0.0</coordinates>
            </Point>
        </Placemark>
        <Placemark id="2667">
            <name>Остатки старой железной дороги (ru)</name>
            <description/>
            <Point id="2666">
                <coordinates>60.826448,56.6504127,0.0</coordinates>
            </Point>
        </Placemark>
        <Placemark id="2669">
            <name>Заброшенный фонтан (ru)</name>
            <description/>
            <Point id="2668">
                <coordinates>60.5974485,56.8346867,0.0</coordinates>
            </Point>
        </Placemark>
        <Placemark id="2671">
            <name>Заброшенный магазин (ru)</name>
            <description/>
            <Point id="2670">
                <coordinates>60.8257961,56.76562,0.0</coordinates>
            </Point>
        </Placemark>
        <Placemark id="2673">
            <name>Заброшенный фонтан (ru)</name>
            <description/>
            <Point id="2672">
                <coordinates>60.6302081,56.8418414,0.0</coordinates>
            </Point>
        </Placemark>
        <Placemark id="2675">
            <name>Водонапорная башня (ru)</name>
            <description/>
            <Point id="2674">
                <coordinates>61.7183165,56.5787994,0.0</coordinates>
            </Point>
        </Placemark>
        <Placemark id="2677">
            <name>Заброшенная будка смотрителя (ru)</name>
            <description/>
            <Point id="2676">
                <coordinates>60.6283432,56.7694275,0.0</coordinates>
            </Point>
        </Placemark>
        <Placemark id="2679">
            <name>Недействующая автобусная остановка «Площадь Коммунаров» (ru)</name>
            <description/>
            <Point id="2678">
                <coordinates>60.5818473,56.8353965,0.0</coordinates>
            </Point>
        </Placemark>
        <Placemark id="2681">
            <name>Домик над бывшей водоразборной колонкой (ru)</name>
            <description/>
            <Point id="2680">
                <coordinates>60.7404786,57.0342319,0.0</coordinates>
            </Point>
        </Placemark>
        <Placemark id="2683">
            <name>Заброшенное здание (ru)</name>
            <description/>
            <Point id="2682">
                <coordinates>60.5663858,56.928244,0.0</coordinates>
            </Point>
        </Placemark>
        <Placemark id="2685">
            <name>Заброшенный фонтан (ru)</name>
            <description/>
            <Point id="2684">
                <coordinates>61.4726666,57.0084262,0.0</coordinates>
            </Point>
        </Placemark>
        <Placemark id="2687">
            <name>Заброшенное водонапорное сооружение (ru)</name>
            <description/>
            <Point id="2686">
                <coordinates>60.5644123,56.8006939,0.0</coordinates>
            </Point>
        </Placemark>
        <Placemark id="2689">
            <name>Артезианская скважина № 2 Уралмашзавода (ru)</name>
            <description/>
            <Point id="2688">
                <coordinates>60.5525448,56.9019072,0.0</coordinates>
            </Point>
        </Placemark>
        <Placemark id="2691">
            <name>Заброшенная водонапорная башня (ru)</name>
            <description/>
            <Point id="2690">
                <coordinates>60.653758,56.8658461,0.0</coordinates>
            </Point>
        </Placemark>
        <Placemark id="2693">
            <name>Заброшенное строение (ru)</name>
            <description/>
            <Point id="2692">
                <coordinates>60.6518684,56.8758208,0.0</coordinates>
            </Point>
        </Placemark>
        <Placemark id="2695">
            <name>Заброшенная будка разъезда (ru)</name>
            <description/>
            <Point id="2694">
                <coordinates>60.74612,56.8561908,0.0</coordinates>
            </Point>
        </Placemark>
        <Placemark id="2697">
            <name>Дымовая труба (ru)</name>
            <description/>
            <Point id="2696">
                <coordinates>60.6230797,56.706332,0.0</coordinates>
            </Point>
        </Placemark>
        <Placemark id="2699">
            <name>Заброшенная водонапорная башня (ru)</name>
            <description/>
            <Point id="2698">
                <coordinates>60.8257023,56.6933812,0.0</coordinates>
            </Point>
        </Placemark>
        <Placemark id="2701">
            <name>Дымовая труба (ru)</name>
            <description/>
            <Point id="2700">
                <coordinates>60.6028088,56.8204037,0.0</coordinates>
            </Point>
        </Placemark>
        <Placemark id="2703">
            <name>Заброшенный КПП (ru)</name>
            <description/>
            <Point id="2702">
                <coordinates>61.4216777,57.0332034,0.0</coordinates>
            </Point>
        </Placemark>
        <Placemark id="2705">
            <name>Башня (ru)</name>
            <description/>
            <Point id="2704">
                <coordinates>60.8184777,56.9127333,0.0</coordinates>
            </Point>
        </Placemark>
        <Placemark id="2707">
            <name>Скважина СНТ «Связист» (ru)</name>
            <description/>
            <Point id="2706">
                <coordinates>60.5137408,56.8007102,0.0</coordinates>
            </Point>
        </Placemark>
        <Placemark id="2709">
            <name>Дымовая труба котельной (ru)</name>
            <description/>
            <Point id="2708">
                <coordinates>60.6597461,56.8489249,0.0</coordinates>
            </Point>
        </Placemark>
        <Placemark id="2711">
            <name>Заброшенный павильон ремонта обуви (ru)</name>
            <description/>
            <Point id="2710">
                <coordinates>61.4656949,57.015026,0.0</coordinates>
            </Point>
        </Placemark>
        <Placemark id="2713">
            <name>Заброшенная ржавая труба (ru)</name>
            <description/>
            <Point id="2712">
                <coordinates>60.6661163,56.9178073,0.0</coordinates>
            </Point>
        </Placemark>
    </Document>
</kml>
