<?xml version="1.0" encoding="UTF-8"?>
<kml xmlns="http://www.opengis.net/kml/2.2" xmlns:gx="http://www.google.com/kml/ext/2.2">
    <Document id="367">
        <Placemark id="369">
            <name>СНТ «Трубопрокатчик-5» (ru)</name>
            <description/>
            <Point id="368">
                <coordinates>61.6270793,55.0364512,0.0</coordinates>
            </Point>
        </Placemark>
        <Placemark id="371">
            <name>СНТ «Станкомаш-5» (ru)</name>
            <description/>
            <Point id="370">
                <coordinates>61.6397702,55.019091,0.0</coordinates>
            </Point>
        </Placemark>
        <Placemark id="373">
            <name>Заброшенный угольный разрез «Копейский» (ru)</name>
            <description/>
            <Point id="372">
                <coordinates>61.6360472,55.1054515,0.0</coordinates>
            </Point>
        </Placemark>
        <Placemark id="375">
            <name>Заброшенный угольный разрез &quot;Копейский&quot; (ru)</name>
            <description/>
            <Point id="374">
                <coordinates>61.6100137,55.083633,0.0</coordinates>
            </Point>
        </Placemark>
        <Placemark id="377">
            <name>Шламонакопитель (ru)</name>
            <description/>
            <Point id="376">
                <coordinates>61.5141382,55.0470497,0.0</coordinates>
            </Point>
        </Placemark>
        <Placemark id="379">
            <name>Бывший ООО «Новосинеглазовский завод строительных материалов» (ru)</name>
            <description/>
            <Point id="378">
                <coordinates>61.3881092,55.0458938,0.0</coordinates>
            </Point>
        </Placemark>
        <Placemark id="381">
            <name>Закрытый карьер кирпичного завода (ru)</name>
            <description/>
            <Point id="380">
                <coordinates>61.6483049,55.1791126,0.0</coordinates>
            </Point>
        </Placemark>
        <Placemark id="383">
            <name>Заброшенные продовольственные склады Министерства обороны РФ (ru)</name>
            <description/>
            <Point id="382">
                <coordinates>61.3709551,55.1126364,0.0</coordinates>
            </Point>
        </Placemark>
        <Placemark id="385">
            <name>Заброшенный анклав СНТ «Строитель» (ru)</name>
            <description/>
            <Point id="384">
                <coordinates>61.6408162,55.1690458,0.0</coordinates>
            </Point>
        </Placemark>
        <Placemark id="387">
            <name>Территория бывшей войсковой части ПВО (ru)</name>
            <description/>
            <Point id="386">
                <coordinates>61.3743817,55.1158414,0.0</coordinates>
            </Point>
        </Placemark>
        <Placemark id="389">
            <name>Заброшенное СНТ «Электродчик» (ru)</name>
            <description/>
            <Point id="388">
                <coordinates>61.4524233,55.2396371,0.0</coordinates>
            </Point>
        </Placemark>
        <Placemark id="391">
            <name>СНТ «Кристалл» — Сектор В (ru)</name>
            <description/>
            <Point id="390">
                <coordinates>61.3550698,55.0545422,0.0</coordinates>
            </Point>
        </Placemark>
        <Placemark id="393">
            <name>Развалины военного склада № 67 МВД СССР (ru)</name>
            <description/>
            <Point id="392">
                <coordinates>61.6294977,55.1711132,0.0</coordinates>
            </Point>
        </Placemark>
        <Placemark id="395">
            <name>Бывший песчаный карьер (ru)</name>
            <description/>
            <Point id="394">
                <coordinates>61.5368056,55.1555684,0.0</coordinates>
            </Point>
        </Placemark>
        <Placemark id="397">
            <name>Бывшая Центральная обогатительная фабрика (ru)</name>
            <description/>
            <Point id="396">
                <coordinates>61.563853,55.0815937,0.0</coordinates>
            </Point>
        </Placemark>
        <Placemark id="399">
            <name>Завод железобетонных конструкций и строительных деталей (ru)</name>
            <description/>
            <Point id="398">
                <coordinates>61.3844374,55.0975234,0.0</coordinates>
            </Point>
        </Placemark>
        <Placemark id="401">
            <name>Заброшенное прессо-сварочное производство (ru)</name>
            <description/>
            <Point id="400">
                <coordinates>61.4856851,55.1546159,0.0</coordinates>
            </Point>
        </Placemark>
        <Placemark id="403">
            <name>Бывшая свалка (ru)</name>
            <description/>
            <Point id="402">
                <coordinates>61.6426455,55.0744055,0.0</coordinates>
            </Point>
        </Placemark>
        <Placemark id="405">
            <name>Бывшая шахта «Красная горнячка» (ru)</name>
            <description/>
            <Point id="404">
                <coordinates>61.6726729,55.1470897,0.0</coordinates>
            </Point>
        </Placemark>
        <Placemark id="407">
            <name>Бывший мукомольный завод «Победа» (ru)</name>
            <description/>
            <Point id="406">
                <coordinates>61.3640231,55.23855,0.0</coordinates>
            </Point>
        </Placemark>
        <Placemark id="409">
            <name>Недействующий детский оздоровительный лагерь «Дружба» (ru)</name>
            <description/>
            <Point id="408">
                <coordinates>61.3340841,55.1284864,0.0</coordinates>
            </Point>
        </Placemark>
        <Placemark id="411">
            <name>Заброшенный животноводческий комплекс (ru)</name>
            <description/>
            <Point id="410">
                <coordinates>61.2437689,55.247289,0.0</coordinates>
            </Point>
        </Placemark>
        <Placemark id="413">
            <name>Ликвидированая ПС «Новометаллургическая» 220 кВ (ru)</name>
            <description/>
            <Point id="412">
                <coordinates>61.4629322,55.2250029,0.0</coordinates>
            </Point>
        </Placemark>
        <Placemark id="415">
            <name>Расформированная войсковая часть 3410 (ru)</name>
            <description/>
            <Point id="414">
                <coordinates>61.58865,55.1221955,0.0</coordinates>
            </Point>
        </Placemark>
        <Placemark id="417">
            <name>Заброшенная автобаза Челябинского тракторного завода (ru)</name>
            <description/>
            <Point id="416">
                <coordinates>61.5092379,55.155498,0.0</coordinates>
            </Point>
        </Placemark>
        <Placemark id="419">
            <name>Заброшенные гаражи (ru)</name>
            <description/>
            <Point id="418">
                <coordinates>61.3505315,55.2128833,0.0</coordinates>
            </Point>
        </Placemark>
        <Placemark id="421">
            <name>Бывшая шахта №205 &quot;Северная&quot; (ru)</name>
            <description/>
            <Point id="420">
                <coordinates>61.6754489,55.1666222,0.0</coordinates>
            </Point>
        </Placemark>
        <Placemark id="423">
            <name>Центр креативных индустрий Svoboda2 (ru)</name>
            <description/>
            <Point id="422">
                <coordinates>61.4103071,55.1740607,0.0</coordinates>
            </Point>
        </Placemark>
        <Placemark id="425">
            <name>Заброшенный корпус ЧЗТТ (ru)</name>
            <description/>
            <Point id="424">
                <coordinates>61.3793308,55.1977703,0.0</coordinates>
            </Point>
        </Placemark>
        <Placemark id="427">
            <name>Спортивный комплекс Челябинского цинкового завода (ru)</name>
            <description/>
            <Point id="426">
                <coordinates>61.3882703,55.1934114,0.0</coordinates>
            </Point>
        </Placemark>
        <Placemark id="429">
            <name>Заброшенная инфекционная больница (ru)</name>
            <description/>
            <Point id="428">
                <coordinates>61.5342708,55.081249,0.0</coordinates>
            </Point>
        </Placemark>
        <Placemark id="431">
            <name>Здание бывшего цеха № 25 (ru)</name>
            <description/>
            <Point id="430">
                <coordinates>61.4744656,55.1460437,0.0</coordinates>
            </Point>
        </Placemark>
        <Placemark id="433">
            <name>Пересохшие отстойники (ru)</name>
            <description/>
            <Point id="432">
                <coordinates>61.6706196,55.1689401,0.0</coordinates>
            </Point>
        </Placemark>
        <Placemark id="435">
            <name>Производственный корпус (ru)</name>
            <description/>
            <Point id="434">
                <coordinates>61.3795582,55.1977594,0.0</coordinates>
            </Point>
        </Placemark>
        <Placemark id="437">
            <name>Заброшенная территория (ru)</name>
            <description/>
            <Point id="436">
                <coordinates>61.2861289,55.2049366,0.0</coordinates>
            </Point>
        </Placemark>
        <Placemark id="439">
            <name>Заброшенная каменоломня (ru)</name>
            <description/>
            <Point id="438">
                <coordinates>61.630758,55.1704705,0.0</coordinates>
            </Point>
        </Placemark>
        <Placemark id="441">
            <name>Бывшая водокачка №47 (ru)</name>
            <description/>
            <Point id="440">
                <coordinates>61.6418328,55.0528076,0.0</coordinates>
            </Point>
        </Placemark>
        <Placemark id="443">
            <name>Производственные помещения (ru)</name>
            <description/>
            <Point id="442">
                <coordinates>61.3278695,55.2046266,0.0</coordinates>
            </Point>
        </Placemark>
        <Placemark id="445">
            <name>Бывшая база УПТК (ru)</name>
            <description/>
            <Point id="444">
                <coordinates>61.4843791,55.1592034,0.0</coordinates>
            </Point>
        </Placemark>
        <Placemark id="447">
            <name>Недостроенный блок очистных сооружений (ru)</name>
            <description/>
            <Point id="446">
                <coordinates>61.3529348,55.2496321,0.0</coordinates>
            </Point>
        </Placemark>
        <Placemark id="449">
            <name>Недостроенный спорт-комплекс &quot;Молодежный&quot; (ru)</name>
            <description/>
            <Point id="448">
                <coordinates>61.3343954,55.1900834,0.0</coordinates>
            </Point>
        </Placemark>
        <Placemark id="451">
            <name>Бывший механосборочный цех № 4 (ru)</name>
            <description/>
            <Point id="450">
                <coordinates>61.460073,55.1587887,0.0</coordinates>
            </Point>
        </Placemark>
        <Placemark id="453">
            <name>Замороженное строительство конгресс-холла (ru)</name>
            <description/>
            <Point id="452">
                <coordinates>61.4079147,55.1710051,0.0</coordinates>
            </Point>
        </Placemark>
        <Placemark id="455">
            <name>Ремонтно-механический цех (РМЦ) (ru)</name>
            <description/>
            <Point id="454">
                <coordinates>61.4813745,55.1542114,0.0</coordinates>
            </Point>
        </Placemark>
        <Placemark id="457">
            <name>Котельная бывшая (ru)</name>
            <description/>
            <Point id="456">
                <coordinates>61.4636295,55.246078,0.0</coordinates>
            </Point>
        </Placemark>
        <Placemark id="459">
            <name>Бывший кирпичный завод «Афина» (ru)</name>
            <description/>
            <Point id="458">
                <coordinates>61.50191,55.1579284,0.0</coordinates>
            </Point>
        </Placemark>
        <Placemark id="461">
            <name>Строящееся чугунолитейное производство для моторного завода на базе бывшего автоматно-револьверного цеха (ru)</name>
            <description/>
            <Point id="460">
                <coordinates>61.4508125,55.1538051,0.0</coordinates>
            </Point>
        </Placemark>
        <Placemark id="463">
            <name>Заброшенное футбольное поле (ru)</name>
            <description/>
            <Point id="462">
                <coordinates>61.3755591,55.1162501,0.0</coordinates>
            </Point>
        </Placemark>
        <Placemark id="465">
            <name>Заброшенные овощные ямы (ru)</name>
            <description/>
            <Point id="464">
                <coordinates>61.4194334,55.1798232,0.0</coordinates>
            </Point>
        </Placemark>
        <Placemark id="467">
            <name>Бывший центр платной рыбалки «Рыбацкая застава» (ru)</name>
            <description/>
            <Point id="466">
                <coordinates>61.3632962,55.1662484,0.0</coordinates>
            </Point>
        </Placemark>
        <Placemark id="469">
            <name>Бывший лесной склад (ru)</name>
            <description/>
            <Point id="468">
                <coordinates>61.5520565,55.0444762,0.0</coordinates>
            </Point>
        </Placemark>
        <Placemark id="471">
            <name>Заброшенные погреба (ru)</name>
            <description/>
            <Point id="470">
                <coordinates>61.3521354,55.188693,0.0</coordinates>
            </Point>
        </Placemark>
        <Placemark id="473">
            <name>Заброшенная ферма (ru)</name>
            <description/>
            <Point id="472">
                <coordinates>61.266847,55.2242755,0.0</coordinates>
            </Point>
        </Placemark>
        <Placemark id="475">
            <name>Заброшенный недострой (ru)</name>
            <description/>
            <Point id="474">
                <coordinates>61.4305082,55.1540156,0.0</coordinates>
            </Point>
        </Placemark>
        <Placemark id="477">
            <name>Территория бывшей котельной (ru)</name>
            <description/>
            <Point id="476">
                <coordinates>61.5361376,55.0817327,0.0</coordinates>
            </Point>
        </Placemark>
        <Placemark id="479">
            <name>ЦСИ (ru)</name>
            <description/>
            <Point id="478">
                <coordinates>61.4788575,55.1562276,0.0</coordinates>
            </Point>
        </Placemark>
        <Placemark id="481">
            <name>Заброшенная насыпь (ru)</name>
            <description/>
            <Point id="480">
                <coordinates>61.6217994,55.1532204,0.0</coordinates>
            </Point>
        </Placemark>
        <Placemark id="483">
            <name>Бывший цех пусковых моторов (ЦПМ) (ru)</name>
            <description/>
            <Point id="482">
                <coordinates>61.480583,55.1543659,0.0</coordinates>
            </Point>
        </Placemark>
        <Placemark id="485">
            <name>Заброшенное ООО «Завод „Строммашина”» (ru)</name>
            <description/>
            <Point id="484">
                <coordinates>61.4555111,55.1550714,0.0</coordinates>
            </Point>
        </Placemark>
        <Placemark id="487">
            <name>Бывший цех газо-водоснабжения (ru)</name>
            <description/>
            <Point id="486">
                <coordinates>61.4812998,55.1564043,0.0</coordinates>
            </Point>
        </Placemark>
        <Placemark id="489">
            <name>Строящийся детский сад (ru)</name>
            <description/>
            <Point id="488">
                <coordinates>61.2906485,55.2201408,0.0</coordinates>
            </Point>
        </Placemark>
        <Placemark id="491">
            <name>Неиспользуемый корпус Челябинского инструментального завода (ru)</name>
            <description/>
            <Point id="490">
                <coordinates>61.3820206,55.1993136,0.0</coordinates>
            </Point>
        </Placemark>
        <Placemark id="493">
            <name>Бывший конный двор (ru)</name>
            <description/>
            <Point id="492">
                <coordinates>61.2450862,55.2432272,0.0</coordinates>
            </Point>
        </Placemark>
        <Placemark id="495">
            <name>Заброшенный недостроенный цех (ru)</name>
            <description/>
            <Point id="494">
                <coordinates>61.5003543,55.142347,0.0</coordinates>
            </Point>
        </Placemark>
        <Placemark id="497">
            <name>Заброшенное бомбоубежище больницы (ru)</name>
            <description/>
            <Point id="496">
                <coordinates>61.6270176,55.1220742,0.0</coordinates>
            </Point>
        </Placemark>
        <Placemark id="499">
            <name>Закрытая территория (ru)</name>
            <description/>
            <Point id="498">
                <coordinates>61.4501286,55.1146053,0.0</coordinates>
            </Point>
        </Placemark>
        <Placemark id="501">
            <name>Цех (ru)</name>
            <description/>
            <Point id="500">
                <coordinates>61.3451027,55.1062227,0.0</coordinates>
            </Point>
        </Placemark>
        <Placemark id="503">
            <name>Недостроенное здание (ru)</name>
            <description/>
            <Point id="502">
                <coordinates>61.3007711,55.1680393,0.0</coordinates>
            </Point>
        </Placemark>
        <Placemark id="505">
            <name>Заброшенное административное здание ПСЗ (ru)</name>
            <description/>
            <Point id="504">
                <coordinates>61.4849884,55.1526099,0.0</coordinates>
            </Point>
        </Placemark>
        <Placemark id="507">
            <name>Территория бывшего магазина &quot;Строительный двор&quot; (ru)</name>
            <description/>
            <Point id="506">
                <coordinates>61.4275645,55.1500879,0.0</coordinates>
            </Point>
        </Placemark>
        <Placemark id="509">
            <name>Kopeyskoye shosse, 88</name>
            <description/>
            <Point id="508">
                <coordinates>61.4483665,55.1496389,0.0</coordinates>
            </Point>
        </Placemark>
        <Placemark id="511">
            <name>Заброшенная зона отдыха «Изумрудный остров» (ru)</name>
            <description/>
            <Point id="510">
                <coordinates>61.3327324,55.1237254,0.0</coordinates>
            </Point>
        </Placemark>
        <Placemark id="513">
            <name>Заброшенный цех (ru)</name>
            <description/>
            <Point id="512">
                <coordinates>61.4308485,55.1666798,0.0</coordinates>
            </Point>
        </Placemark>
        <Placemark id="515">
            <name>Заброшенное производство № 2 (ru)</name>
            <description/>
            <Point id="514">
                <coordinates>61.4881087,55.1520442,0.0</coordinates>
            </Point>
        </Placemark>
        <Placemark id="517">
            <name>Заброшенная подстанция (ru)</name>
            <description/>
            <Point id="516">
                <coordinates>61.4339848,55.1564051,0.0</coordinates>
            </Point>
        </Placemark>
        <Placemark id="519">
            <name>Заброшенные погреба (ru)</name>
            <description/>
            <Point id="518">
                <coordinates>61.306719,55.1899149,0.0</coordinates>
            </Point>
        </Placemark>
        <Placemark id="521">
            <name>Бывшее здание термического цеха 1 (ru)</name>
            <description/>
            <Point id="520">
                <coordinates>61.4570098,55.1569591,0.0</coordinates>
            </Point>
        </Placemark>
        <Placemark id="523">
            <name>Заброшенное строительство (ru)</name>
            <description/>
            <Point id="522">
                <coordinates>61.2956991,55.2203856,0.0</coordinates>
            </Point>
        </Placemark>
        <Placemark id="525">
            <name>Пруд (ru)</name>
            <description/>
            <Point id="524">
                <coordinates>61.3840081,55.2319843,0.0</coordinates>
            </Point>
        </Placemark>
        <Placemark id="527">
            <name>Старый плац (ru)</name>
            <description/>
            <Point id="526">
                <coordinates>61.3861271,55.178533,0.0</coordinates>
            </Point>
        </Placemark>
        <Placemark id="529">
            <name>Недостроенные здания (ru)</name>
            <description/>
            <Point id="528">
                <coordinates>61.4179542,55.1897706,0.0</coordinates>
            </Point>
        </Placemark>
        <Placemark id="531">
            <name>ЧелябАвтоДор (ru)</name>
            <description/>
            <Point id="530">
                <coordinates>61.372562,55.1924406,0.0</coordinates>
            </Point>
        </Placemark>
        <Placemark id="533">
            <name>Заброшенное вагонное депо (ru)</name>
            <description/>
            <Point id="532">
                <coordinates>61.5974288,55.1016188,0.0</coordinates>
            </Point>
        </Placemark>
        <Placemark id="535">
            <name>Строящийся гостинично-спортивный комплекс (ru)</name>
            <description/>
            <Point id="534">
                <coordinates>61.3953886,55.161956,0.0</coordinates>
            </Point>
        </Placemark>
        <Placemark id="537">
            <name>prospekt Pobedy, 187</name>
            <description/>
            <Point id="536">
                <coordinates>61.3831397,55.1834461,0.0</coordinates>
            </Point>
        </Placemark>
        <Placemark id="539">
            <name>Бывший цех ликероводочного завода (ru)</name>
            <description/>
            <Point id="538">
                <coordinates>61.4191166,55.1663589,0.0</coordinates>
            </Point>
        </Placemark>
        <Placemark id="541">
            <name>Котлован (ru)</name>
            <description/>
            <Point id="540">
                <coordinates>61.3046664,55.1610485,0.0</coordinates>
            </Point>
        </Placemark>
        <Placemark id="543">
            <name>Бывшее административное здание (ru)</name>
            <description/>
            <Point id="542">
                <coordinates>61.3813671,55.1979435,0.0</coordinates>
            </Point>
        </Placemark>
        <Placemark id="545">
            <name>Заброшенное здание АЗС (ru)</name>
            <description/>
            <Point id="544">
                <coordinates>61.4483978,55.1529848,0.0</coordinates>
            </Point>
        </Placemark>
        <Placemark id="547">
            <name>Затопленное овощехранилище (ru)</name>
            <description/>
            <Point id="546">
                <coordinates>61.3060176,55.1915792,0.0</coordinates>
            </Point>
        </Placemark>
        <Placemark id="549">
            <name>Недостроенное многопрофильное медучреждение (ru)</name>
            <description/>
            <Point id="548">
                <coordinates>61.2933698,55.1580794,0.0</coordinates>
            </Point>
        </Placemark>
        <Placemark id="551">
            <name>Заброшенное бомбоубежище (ru)</name>
            <description/>
            <Point id="550">
                <coordinates>61.3407602,55.1867177,0.0</coordinates>
            </Point>
        </Placemark>
        <Placemark id="553">
            <name>Заброшенное бомбоубежище (ru)</name>
            <description/>
            <Point id="552">
                <coordinates>61.4371051,55.1601502,0.0</coordinates>
            </Point>
        </Placemark>
        <Placemark id="555">
            <name>Недостроенное здание (ru)</name>
            <description/>
            <Point id="554">
                <coordinates>61.3894998,55.1900306,0.0</coordinates>
            </Point>
        </Placemark>
        <Placemark id="557">
            <name>Заброшенный цех (ru)</name>
            <description/>
            <Point id="556">
                <coordinates>61.4596706,55.2478211,0.0</coordinates>
            </Point>
        </Placemark>
        <Placemark id="559">
            <name>Территория ветлечебницы (ru)</name>
            <description/>
            <Point id="558">
                <coordinates>61.3814962,55.0323145,0.0</coordinates>
            </Point>
        </Placemark>
        <Placemark id="561">
            <name>Техническое сооружение (ru)</name>
            <description/>
            <Point id="560">
                <coordinates>61.3669249,55.2460287,0.0</coordinates>
            </Point>
        </Placemark>
        <Placemark id="563">
            <name>Караул ВВ МВД (ru)</name>
            <description/>
            <Point id="562">
                <coordinates>61.5651592,55.120884,0.0</coordinates>
            </Point>
        </Placemark>
        <Placemark id="565">
            <name>Развалины коровника (ru)</name>
            <description/>
            <Point id="564">
                <coordinates>61.5331311,55.1160526,0.0</coordinates>
            </Point>
        </Placemark>
        <Placemark id="567">
            <name>Цех (ru)</name>
            <description/>
            <Point id="566">
                <coordinates>61.5989711,55.0626672,0.0</coordinates>
            </Point>
        </Placemark>
        <Placemark id="569">
            <name>Склад (ru)</name>
            <description/>
            <Point id="568">
                <coordinates>61.3766186,55.0301028,0.0</coordinates>
            </Point>
        </Placemark>
        <Placemark id="571">
            <name>Здание бывшей кафедры ремонта (ru)</name>
            <description/>
            <Point id="570">
                <coordinates>61.3832504,55.1784829,0.0</coordinates>
            </Point>
        </Placemark>
        <Placemark id="573">
            <name>Здание заброшенного коровника (ru)</name>
            <description/>
            <Point id="572">
                <coordinates>61.533146,55.1156169,0.0</coordinates>
            </Point>
        </Placemark>
        <Placemark id="575">
            <name>Недостроенный жилой дом (ru)</name>
            <description/>
            <Point id="574">
                <coordinates>61.2908102,55.1696852,0.0</coordinates>
            </Point>
        </Placemark>
        <Placemark id="577">
            <name>Остатки фундаментов домов (ru)</name>
            <description/>
            <Point id="576">
                <coordinates>61.2930431,55.2138285,0.0</coordinates>
            </Point>
        </Placemark>
        <Placemark id="579">
            <name>Профилакторий ЧЭМК (ru)</name>
            <description/>
            <Point id="578">
                <coordinates>61.4492389,55.1898836,0.0</coordinates>
            </Point>
        </Placemark>
        <Placemark id="581">
            <name>Недостроенный физкультурно-спортивный комплекс с бассейном (ru)</name>
            <description/>
            <Point id="580">
                <coordinates>61.6042336,55.1105755,0.0</coordinates>
            </Point>
        </Placemark>
        <Placemark id="583">
            <name>Бывший телятник (ru)</name>
            <description/>
            <Point id="582">
                <coordinates>61.247476,55.2454749,0.0</coordinates>
            </Point>
        </Placemark>
        <Placemark id="585">
            <name>Заброшенный корпус (ru)</name>
            <description/>
            <Point id="584">
                <coordinates>61.3884684,55.2116073,0.0</coordinates>
            </Point>
        </Placemark>
        <Placemark id="587">
            <name>ulitsa Khudyakova, 12 korpus 5</name>
            <description/>
            <Point id="586">
                <coordinates>61.3704536,55.1492258,0.0</coordinates>
            </Point>
        </Placemark>
        <Placemark id="589">
            <name>Бокс автопарка (ru)</name>
            <description/>
            <Point id="588">
                <coordinates>61.377579,55.1145136,0.0</coordinates>
            </Point>
        </Placemark>
        <Placemark id="591">
            <name>Бывшее здание Автосалон Subaru (ru)</name>
            <description/>
            <Point id="590">
                <coordinates>61.4460826,55.1505102,0.0</coordinates>
            </Point>
        </Placemark>
        <Placemark id="593">
            <name>Здание (ru)</name>
            <description/>
            <Point id="592">
                <coordinates>61.491106,55.1544037,0.0</coordinates>
            </Point>
        </Placemark>
        <Placemark id="595">
            <name>Недостроенный мусоросжигательный завод (ru)</name>
            <description/>
            <Point id="594">
                <coordinates>61.4968372,55.1592262,0.0</coordinates>
            </Point>
        </Placemark>
        <Placemark id="597">
            <name>Заброшенное убежище № 2 КМЗ (ru)</name>
            <description/>
            <Point id="596">
                <coordinates>61.6223117,55.1024423,0.0</coordinates>
            </Point>
        </Placemark>
        <Placemark id="599">
            <name>Территория кафе (ru)</name>
            <description/>
            <Point id="598">
                <coordinates>61.3304149,55.1250435,0.0</coordinates>
            </Point>
        </Placemark>
        <Placemark id="601">
            <name>Недостроенное здание БЦ «Монолит» (ru)</name>
            <description/>
            <Point id="600">
                <coordinates>61.3942123,55.1669298,0.0</coordinates>
            </Point>
        </Placemark>
        <Placemark id="603">
            <name>Заброшенное бомбоубежище (ru)</name>
            <description/>
            <Point id="602">
                <coordinates>61.59644,55.0620398,0.0</coordinates>
            </Point>
        </Placemark>
        <Placemark id="605">
            <name>Недостроенная школа (ru)</name>
            <description/>
            <Point id="604">
                <coordinates>61.5493493,55.1628984,0.0</coordinates>
            </Point>
        </Placemark>
        <Placemark id="607">
            <name>Старый элеватор (ru)</name>
            <description/>
            <Point id="606">
                <coordinates>61.4002276,55.1537714,0.0</coordinates>
            </Point>
        </Placemark>
        <Placemark id="609">
            <name>ulitsa Geroya Rossii Molodova, 18</name>
            <description/>
            <Point id="608">
                <coordinates>61.3052344,55.2381919,0.0</coordinates>
            </Point>
        </Placemark>
        <Placemark id="611">
            <name>The building of the former tea-packing factory Kuznetsov</name>
            <description/>
            <Point id="610">
                <coordinates>61.3962635,55.164458,0.0</coordinates>
            </Point>
        </Placemark>
        <Placemark id="613">
            <name>Бывший основной корпус мукомольного завода (ru)</name>
            <description/>
            <Point id="612">
                <coordinates>61.3629792,55.238781,0.0</coordinates>
            </Point>
        </Placemark>
        <Placemark id="615">
            <name>Заброшенное бомбоубежище (ru)</name>
            <description/>
            <Point id="614">
                <coordinates>61.4632862,55.1210757,0.0</coordinates>
            </Point>
        </Placemark>
        <Placemark id="617">
            <name>Бывшая насосная станция (ru)</name>
            <description/>
            <Point id="616">
                <coordinates>61.5693668,55.0857173,0.0</coordinates>
            </Point>
        </Placemark>
        <Placemark id="619">
            <name>Заброшенное убежище гражданской обороны (ru)</name>
            <description/>
            <Point id="618">
                <coordinates>61.4078248,55.1611611,0.0</coordinates>
            </Point>
        </Placemark>
        <Placemark id="621">
            <name>Склад (ru)</name>
            <description/>
            <Point id="620">
                <coordinates>61.3808127,55.1968406,0.0</coordinates>
            </Point>
        </Placemark>
        <Placemark id="623">
            <name>Хозяйственный корпус (ru)</name>
            <description/>
            <Point id="622">
                <coordinates>61.382772,55.19743,0.0</coordinates>
            </Point>
        </Placemark>
        <Placemark id="625">
            <name>Бывшее овощехранилище (ru)</name>
            <description/>
            <Point id="624">
                <coordinates>61.5164625,55.1783678,0.0</coordinates>
            </Point>
        </Placemark>
        <Placemark id="627">
            <name>Заброшенное здание (ru)</name>
            <description/>
            <Point id="626">
                <coordinates>61.5895659,55.125762,0.0</coordinates>
            </Point>
        </Placemark>
        <Placemark id="629">
            <name>Строительство отеля WTC (Всемирный торговый центр) (ru)</name>
            <description/>
            <Point id="628">
                <coordinates>61.4149957,55.1597642,0.0</coordinates>
            </Point>
        </Placemark>
        <Placemark id="631">
            <name>АБК инструментального производства (ru)</name>
            <description/>
            <Point id="630">
                <coordinates>61.489301,55.1561048,0.0</coordinates>
            </Point>
        </Placemark>
        <Placemark id="633">
            <name>Бывшая АЗС в/ч (ru)</name>
            <description/>
            <Point id="632">
                <coordinates>61.3757577,55.1151549,0.0</coordinates>
            </Point>
        </Placemark>
        <Placemark id="635">
            <name>Заброшенное защитное сооружение ГО (убежище) (ru)</name>
            <description/>
            <Point id="634">
                <coordinates>61.6593021,55.130588,0.0</coordinates>
            </Point>
        </Placemark>
        <Placemark id="637">
            <name>Заброшенное здание заводоуправления (ru)</name>
            <description/>
            <Point id="636">
                <coordinates>61.3568896,55.110488,0.0</coordinates>
            </Point>
        </Placemark>
        <Placemark id="639">
            <name>АБК будущего чугуно-литейного производства на базе бывшего автоматно-револьверного цеха (ru)</name>
            <description/>
            <Point id="638">
                <coordinates>61.4528027,55.1536022,0.0</coordinates>
            </Point>
        </Placemark>
        <Placemark id="641">
            <name>Недострой (ru)</name>
            <description/>
            <Point id="640">
                <coordinates>61.3069913,55.225315,0.0</coordinates>
            </Point>
        </Placemark>
        <Placemark id="643">
            <name>Заброшенный погреб (ru)</name>
            <description/>
            <Point id="642">
                <coordinates>61.3640122,55.2462951,0.0</coordinates>
            </Point>
        </Placemark>
        <Placemark id="645">
            <name>Заброшенное здание (ru)</name>
            <description/>
            <Point id="644">
                <coordinates>61.6534924,55.122245,0.0</coordinates>
            </Point>
        </Placemark>
        <Placemark id="647">
            <name>Заброшенное бомбоубежище (ru)</name>
            <description/>
            <Point id="646">
                <coordinates>61.4477817,55.2079604,0.0</coordinates>
            </Point>
        </Placemark>
        <Placemark id="649">
            <name>Компрессорная станция № 5 (на консервации) (ru)</name>
            <description/>
            <Point id="648">
                <coordinates>61.4601147,55.1507488,0.0</coordinates>
            </Point>
        </Placemark>
        <Placemark id="651">
            <name>Новая ГВУ (ru)</name>
            <description/>
            <Point id="650">
                <coordinates>61.5451583,55.0498769,0.0</coordinates>
            </Point>
        </Placemark>
        <Placemark id="653">
            <name>ulitsa Savina, 8</name>
            <description/>
            <Point id="652">
                <coordinates>61.4472878,55.1655946,0.0</coordinates>
            </Point>
        </Placemark>
        <Placemark id="655">
            <name>ulitsa Savina, 4</name>
            <description/>
            <Point id="654">
                <coordinates>61.4489766,55.1654954,0.0</coordinates>
            </Point>
        </Placemark>
        <Placemark id="657">
            <name>ulitsa Vorovskogo, 41a</name>
            <description/>
            <Point id="656">
                <coordinates>61.3875085,55.1490258,0.0</coordinates>
            </Point>
        </Placemark>
        <Placemark id="659">
            <name>Здание (ru)</name>
            <description/>
            <Point id="658">
                <coordinates>61.598621,55.0616012,0.0</coordinates>
            </Point>
        </Placemark>
        <Placemark id="661">
            <name>ulitsa Bazhova, 6</name>
            <description/>
            <Point id="660">
                <coordinates>61.6018921,55.0573031,0.0</coordinates>
            </Point>
        </Placemark>
        <Placemark id="663">
            <name>ulitsa Bazhova, 5</name>
            <description/>
            <Point id="662">
                <coordinates>61.602112,55.0578438,0.0</coordinates>
            </Point>
        </Placemark>
        <Placemark id="665">
            <name>Nagornaya ulitsa, 16</name>
            <description/>
            <Point id="664">
                <coordinates>61.4187604,55.1740049,0.0</coordinates>
            </Point>
        </Placemark>
        <Placemark id="667">
            <name>Столовая (ru)</name>
            <description/>
            <Point id="666">
                <coordinates>61.4074266,55.2442578,0.0</coordinates>
            </Point>
        </Placemark>
        <Placemark id="669">
            <name>Бывший склад ГСМ (ru)</name>
            <description/>
            <Point id="668">
                <coordinates>61.4370301,55.1395493,0.0</coordinates>
            </Point>
        </Placemark>
        <Placemark id="671">
            <name>Недостроенный жилой дом (ru)</name>
            <description/>
            <Point id="670">
                <coordinates>61.3815914,55.2410351,0.0</coordinates>
            </Point>
        </Placemark>
        <Placemark id="673">
            <name>Военизированный горноспасательный пункт (ru)</name>
            <description/>
            <Point id="672">
                <coordinates>61.4443364,55.1517693,0.0</coordinates>
            </Point>
        </Placemark>
        <Placemark id="675">
            <name>Бывшая казарма №1 (ru)</name>
            <description/>
            <Point id="674">
                <coordinates>61.4065593,55.1480596,0.0</coordinates>
            </Point>
        </Placemark>
        <Placemark id="677">
            <name>Рубежный сквер (ru)</name>
            <description/>
            <Point id="676">
                <coordinates>61.3701224,55.1469772,0.0</coordinates>
            </Point>
        </Placemark>
        <Placemark id="679">
            <name>Заброшенное убежище № 74/0106-35 (ru)</name>
            <description/>
            <Point id="678">
                <coordinates>61.458929,55.167176,0.0</coordinates>
            </Point>
        </Placemark>
        <Placemark id="681">
            <name>Котельная (ru)</name>
            <description/>
            <Point id="680">
                <coordinates>61.3709378,55.1495943,0.0</coordinates>
            </Point>
        </Placemark>
        <Placemark id="683">
            <name>Заброшенное трехэтажное здание (ru)</name>
            <description/>
            <Point id="682">
                <coordinates>61.6579866,55.1298823,0.0</coordinates>
            </Point>
        </Placemark>
        <Placemark id="685">
            <name>Заброшенное здание (ru)</name>
            <description/>
            <Point id="684">
                <coordinates>61.6591491,55.1301142,0.0</coordinates>
            </Point>
        </Placemark>
        <Placemark id="687">
            <name>ulitsa Marshala Chuykova, 32</name>
            <description/>
            <Point id="686">
                <coordinates>61.2952994,55.2153198,0.0</coordinates>
            </Point>
        </Placemark>
        <Placemark id="689">
            <name>Заброшенное убежище (ru)</name>
            <description/>
            <Point id="688">
                <coordinates>61.3046027,55.1505515,0.0</coordinates>
            </Point>
        </Placemark>
        <Placemark id="691">
            <name>Заброшенное убежище № 2 (ru)</name>
            <description/>
            <Point id="690">
                <coordinates>61.4611525,55.1590953,0.0</coordinates>
            </Point>
        </Placemark>
        <Placemark id="693">
            <name>Законсервированная котельная (ru)</name>
            <description/>
            <Point id="692">
                <coordinates>61.3858685,55.2124802,0.0</coordinates>
            </Point>
        </Placemark>
        <Placemark id="695">
            <name>Сквер (ru)</name>
            <description/>
            <Point id="694">
                <coordinates>61.4040818,55.2469358,0.0</coordinates>
            </Point>
        </Placemark>
        <Placemark id="697">
            <name>Бывшая казарма №2 (ru)</name>
            <description/>
            <Point id="696">
                <coordinates>61.4062175,55.1471337,0.0</coordinates>
            </Point>
        </Placemark>
        <Placemark id="699">
            <name>Здание бывшей лаборатории кафедры двигателей (ru)</name>
            <description/>
            <Point id="698">
                <coordinates>61.3823676,55.1784734,0.0</coordinates>
            </Point>
        </Placemark>
        <Placemark id="701">
            <name>Зконсервированный административно-бытовой корпус (ru)</name>
            <description/>
            <Point id="700">
                <coordinates>61.4638039,55.1508132,0.0</coordinates>
            </Point>
        </Placemark>
        <Placemark id="703">
            <name>Naberezhnaya ulitsa, 4/1</name>
            <description/>
            <Point id="702">
                <coordinates>61.4096406,55.1816917,0.0</coordinates>
            </Point>
        </Placemark>
        <Placemark id="705">
            <name>Заброшенное убежище № 25 (ru)</name>
            <description/>
            <Point id="704">
                <coordinates>61.459147,55.159224,0.0</coordinates>
            </Point>
        </Placemark>
        <Placemark id="707">
            <name>Заброшенный дом (ru)</name>
            <description/>
            <Point id="706">
                <coordinates>61.385993,55.1913557,0.0</coordinates>
            </Point>
        </Placemark>
        <Placemark id="709">
            <name>Заброшенное здание (ru)</name>
            <description/>
            <Point id="708">
                <coordinates>61.6361921,55.1209829,0.0</coordinates>
            </Point>
        </Placemark>
        <Placemark id="711">
            <name>Ангары (ru)</name>
            <description/>
            <Point id="710">
                <coordinates>61.3725202,55.1924251,0.0</coordinates>
            </Point>
        </Placemark>
        <Placemark id="713">
            <name>Здание первой школы Сосновки (ru)</name>
            <description/>
            <Point id="712">
                <coordinates>61.2687442,55.0736607,0.0</coordinates>
            </Point>
        </Placemark>
        <Placemark id="715">
            <name>Заброшенный дом (ru)</name>
            <description/>
            <Point id="714">
                <coordinates>61.6003537,55.0580465,0.0</coordinates>
            </Point>
        </Placemark>
        <Placemark id="717">
            <name>Недостроенное здание (ru)</name>
            <description/>
            <Point id="716">
                <coordinates>61.3820166,55.2369947,0.0</coordinates>
            </Point>
        </Placemark>
        <Placemark id="719">
            <name>Бывший подземный командный пункт 19 корпуса ПВО (ru)</name>
            <description/>
            <Point id="718">
                <coordinates>61.3718148,55.1157975,0.0</coordinates>
            </Point>
        </Placemark>
        <Placemark id="721">
            <name>Заброшенный административно-бытовой корпус (ru)</name>
            <description/>
            <Point id="720">
                <coordinates>61.4680967,55.1505401,0.0</coordinates>
            </Point>
        </Placemark>
        <Placemark id="723">
            <name>Magistralnaya ulitsa, 6</name>
            <description/>
            <Point id="722">
                <coordinates>61.5948193,55.232143,0.0</coordinates>
            </Point>
        </Placemark>
        <Placemark id="725">
            <name>заброшенный ангар (ru)</name>
            <description/>
            <Point id="724">
                <coordinates>61.2453902,55.2472813,0.0</coordinates>
            </Point>
        </Placemark>
        <Placemark id="727">
            <name>Бывшее овощехранилище (ru)</name>
            <description/>
            <Point id="726">
                <coordinates>61.3013184,55.0792884,0.0</coordinates>
            </Point>
        </Placemark>
        <Placemark id="729">
            <name>Бывшая лаборатория ВАТ (ru)</name>
            <description/>
            <Point id="728">
                <coordinates>61.3828833,55.1798431,0.0</coordinates>
            </Point>
        </Placemark>
        <Placemark id="731">
            <name>Заброшенное здание (ru)</name>
            <description/>
            <Point id="730">
                <coordinates>61.5354269,55.1183739,0.0</coordinates>
            </Point>
        </Placemark>
        <Placemark id="733">
            <name>Shakhtyorskaya ulitsa, 29/1</name>
            <description/>
            <Point id="732">
                <coordinates>61.3314208,55.1236259,0.0</coordinates>
            </Point>
        </Placemark>
        <Placemark id="735">
            <name>Здание (ru)</name>
            <description/>
            <Point id="734">
                <coordinates>61.5607791,55.1041621,0.0</coordinates>
            </Point>
        </Placemark>
        <Placemark id="737">
            <name>Недействующий железнодорожный переезд (ru)</name>
            <description/>
            <Point id="736">
                <coordinates>61.5238612,55.2317449,0.0</coordinates>
            </Point>
        </Placemark>
        <Placemark id="739">
            <name>Пожарная часть (ru)</name>
            <description/>
            <Point id="738">
                <coordinates>61.4178617,55.2481843,0.0</coordinates>
            </Point>
        </Placemark>
        <Placemark id="741">
            <name>Бомбоубежище (ru)</name>
            <description/>
            <Point id="740">
                <coordinates>61.3769,55.1976938,0.0</coordinates>
            </Point>
        </Placemark>
        <Placemark id="743">
            <name>Заброшенное бомбоубежище АБК Копейского машиностроительного завода (ru)</name>
            <description/>
            <Point id="742">
                <coordinates>61.6218624,55.105177,0.0</coordinates>
            </Point>
        </Placemark>
        <Placemark id="745">
            <name>Заброшенное бомбоубежище (ru)</name>
            <description/>
            <Point id="744">
                <coordinates>61.4442575,55.2346181,0.0</coordinates>
            </Point>
        </Placemark>
        <Placemark id="747">
            <name>Недостроенные подземные гаражи (ru)</name>
            <description/>
            <Point id="746">
                <coordinates>61.2876153,55.1899617,0.0</coordinates>
            </Point>
        </Placemark>
        <Placemark id="749">
            <name>Бывшие ямы привозных углей (ru)</name>
            <description/>
            <Point id="748">
                <coordinates>61.5624313,55.0819346,0.0</coordinates>
            </Point>
        </Placemark>
        <Placemark id="751">
            <name>Бывшая кожная больница (ru)</name>
            <description/>
            <Point id="750">
                <coordinates>61.6041518,55.0998661,0.0</coordinates>
            </Point>
        </Placemark>
        <Placemark id="753">
            <name>ulitsa Krupskoy, 27</name>
            <description/>
            <Point id="752">
                <coordinates>61.386024,55.147624,0.0</coordinates>
            </Point>
        </Placemark>
        <Placemark id="755">
            <name>Заброшенная столовая (ru)</name>
            <description/>
            <Point id="754">
                <coordinates>61.4524286,55.1503231,0.0</coordinates>
            </Point>
        </Placemark>
        <Placemark id="757">
            <name>Подземный переход (ru)</name>
            <description/>
            <Point id="756">
                <coordinates>61.3549652,55.1102058,0.0</coordinates>
            </Point>
        </Placemark>
        <Placemark id="759">
            <name>Uzhgorodskaya ulitsa, 6</name>
            <description/>
            <Point id="758">
                <coordinates>61.4439514,55.1933814,0.0</coordinates>
            </Point>
        </Placemark>
        <Placemark id="761">
            <name>Затопленное бомбоубежище под больницей (ru)</name>
            <description/>
            <Point id="760">
                <coordinates>61.5886017,55.1199584,0.0</coordinates>
            </Point>
        </Placemark>
        <Placemark id="763">
            <name>Бетонная площадка бывшего летнего кафе (ru)</name>
            <description/>
            <Point id="762">
                <coordinates>61.3652089,55.1667599,0.0</coordinates>
            </Point>
        </Placemark>
        <Placemark id="765">
            <name>Заброшенное двухэтажное здание (ru)</name>
            <description/>
            <Point id="764">
                <coordinates>61.6555186,55.1201883,0.0</coordinates>
            </Point>
        </Placemark>
        <Placemark id="767">
            <name>Lesoparkovaya ulitsa, 2b</name>
            <description/>
            <Point id="766">
                <coordinates>61.3622366,55.1534206,0.0</coordinates>
            </Point>
        </Placemark>
        <Placemark id="769">
            <name>Заброшенное здание (ru)</name>
            <description/>
            <Point id="768">
                <coordinates>61.2962769,55.2186874,0.0</coordinates>
            </Point>
        </Placemark>
        <Placemark id="771">
            <name>Бывшее зернохранилище (ru)</name>
            <description/>
            <Point id="770">
                <coordinates>61.3631254,55.2383294,0.0</coordinates>
            </Point>
        </Placemark>
        <Placemark id="773">
            <name>Заброшенное зернохранилище (ru)</name>
            <description/>
            <Point id="772">
                <coordinates>61.2172794,55.2451301,0.0</coordinates>
            </Point>
        </Placemark>
        <Placemark id="775">
            <name>Недостроенный жилой дом (ru)</name>
            <description/>
            <Point id="774">
                <coordinates>61.302004,55.1514766,0.0</coordinates>
            </Point>
        </Placemark>
        <Placemark id="777">
            <name>Заброшенный склад (ru)</name>
            <description/>
            <Point id="776">
                <coordinates>61.3306813,55.1116223,0.0</coordinates>
            </Point>
        </Placemark>
        <Placemark id="779">
            <name>Здание (ru)</name>
            <description/>
            <Point id="778">
                <coordinates>61.5613303,55.1016747,0.0</coordinates>
            </Point>
        </Placemark>
        <Placemark id="781">
            <name>Заброшенное строительство многоквартирного дома. (ru)</name>
            <description/>
            <Point id="780">
                <coordinates>61.2883369,55.2176465,0.0</coordinates>
            </Point>
        </Placemark>
        <Placemark id="783">
            <name>ulitsa Mira, 33</name>
            <description/>
            <Point id="782">
                <coordinates>61.5997758,55.0573352,0.0</coordinates>
            </Point>
        </Placemark>
        <Placemark id="785">
            <name>ulitsa Gagarina, 2a</name>
            <description/>
            <Point id="784">
                <coordinates>61.4456139,55.1475901,0.0</coordinates>
            </Point>
        </Placemark>
        <Placemark id="787">
            <name>Заброшенное убежище ГО (ru)</name>
            <description/>
            <Point id="786">
                <coordinates>61.368855,55.1921948,0.0</coordinates>
            </Point>
        </Placemark>
        <Placemark id="789">
            <name>Недостроенное здание (ru)</name>
            <description/>
            <Point id="788">
                <coordinates>61.4424861,55.2263644,0.0</coordinates>
            </Point>
        </Placemark>
        <Placemark id="791">
            <name>Заброшенное бомбоубежище (ru)</name>
            <description/>
            <Point id="790">
                <coordinates>61.3915774,55.1929005,0.0</coordinates>
            </Point>
        </Placemark>
        <Placemark id="793">
            <name>Заброшенный недострой (ru)</name>
            <description/>
            <Point id="792">
                <coordinates>61.532632,55.1153635,0.0</coordinates>
            </Point>
        </Placemark>
        <Placemark id="795">
            <name>Бывшая танцплощадка (ru)</name>
            <description/>
            <Point id="794">
                <coordinates>61.4572083,55.1119777,0.0</coordinates>
            </Point>
        </Placemark>
        <Placemark id="797">
            <name>Заброшенный склад (ru)</name>
            <description/>
            <Point id="796">
                <coordinates>61.3318474,55.1118259,0.0</coordinates>
            </Point>
        </Placemark>
        <Placemark id="799">
            <name>Заброшенное здание (ru)</name>
            <description/>
            <Point id="798">
                <coordinates>61.5335023,55.0803523,0.0</coordinates>
            </Point>
        </Placemark>
        <Placemark id="801">
            <name>Бывшее административное здание мебельной фабрики (ru)</name>
            <description/>
            <Point id="800">
                <coordinates>61.5970744,55.0586982,0.0</coordinates>
            </Point>
        </Placemark>
        <Placemark id="803">
            <name>Заброшенный фундамент (ru)</name>
            <description/>
            <Point id="802">
                <coordinates>61.4091566,55.1444991,0.0</coordinates>
            </Point>
        </Placemark>
        <Placemark id="805">
            <name>Недостроенный жилой дом (ru)</name>
            <description/>
            <Point id="804">
                <coordinates>61.590072,55.2323664,0.0</coordinates>
            </Point>
        </Placemark>
        <Placemark id="807">
            <name>Центр по экологии и медицинскому обеспечению (ru)</name>
            <description/>
            <Point id="806">
                <coordinates>61.4060671,55.1976875,0.0</coordinates>
            </Point>
        </Placemark>
        <Placemark id="809">
            <name>Недостроенное офисное здание (ru)</name>
            <description/>
            <Point id="808">
                <coordinates>61.3362085,55.1916208,0.0</coordinates>
            </Point>
        </Placemark>
        <Placemark id="811">
            <name>Tsimlyanskaya ulitsa, 7</name>
            <description/>
            <Point id="810">
                <coordinates>61.4855567,55.1042863,0.0</coordinates>
            </Point>
        </Placemark>
        <Placemark id="813">
            <name>Заброшенная типография Челябинского тракторного завода (ru)</name>
            <description/>
            <Point id="812">
                <coordinates>61.4552897,55.1561202,0.0</coordinates>
            </Point>
        </Placemark>
        <Placemark id="815">
            <name>Заброшенный суд (ru)</name>
            <description/>
            <Point id="814">
                <coordinates>61.4074961,55.1994078,0.0</coordinates>
            </Point>
        </Placemark>
        <Placemark id="817">
            <name>Uralskaya ulitsa, 15</name>
            <description/>
            <Point id="816">
                <coordinates>61.5052843,55.1241433,0.0</coordinates>
            </Point>
        </Placemark>
        <Placemark id="819">
            <name>Недостроенное здание (ru)</name>
            <description/>
            <Point id="818">
                <coordinates>61.3078419,55.1876932,0.0</coordinates>
            </Point>
        </Placemark>
        <Placemark id="821">
            <name>Кафе (ru)</name>
            <description/>
            <Point id="820">
                <coordinates>61.4545181,55.170852,0.0</coordinates>
            </Point>
        </Placemark>
        <Placemark id="823">
            <name>Заброшенное здание (ru)</name>
            <description/>
            <Point id="822">
                <coordinates>61.4700153,55.1130047,0.0</coordinates>
            </Point>
        </Placemark>
        <Placemark id="825">
            <name>Бывший штаб ЧВТКУ (ru)</name>
            <description/>
            <Point id="824">
                <coordinates>61.4068814,55.1489946,0.0</coordinates>
            </Point>
        </Placemark>
        <Placemark id="827">
            <name>Pekinskaya ulitsa, 21</name>
            <description/>
            <Point id="826">
                <coordinates>61.400949,55.2453526,0.0</coordinates>
            </Point>
        </Placemark>
        <Placemark id="829">
            <name>Бывшая баня (ru)</name>
            <description/>
            <Point id="828">
                <coordinates>61.3466692,55.2324615,0.0</coordinates>
            </Point>
        </Placemark>
        <Placemark id="831">
            <name>Заброшенный корпус (ru)</name>
            <description/>
            <Point id="830">
                <coordinates>61.3638708,55.2368298,0.0</coordinates>
            </Point>
        </Placemark>
        <Placemark id="833">
            <name>Rossiyskaya ulitsa, 1г</name>
            <description/>
            <Point id="832">
                <coordinates>61.4067373,55.1993962,0.0</coordinates>
            </Point>
        </Placemark>
        <Placemark id="835">
            <name>Заброшенный военный объект (ru)</name>
            <description/>
            <Point id="834">
                <coordinates>61.6272451,55.1701894,0.0</coordinates>
            </Point>
        </Placemark>
        <Placemark id="837">
            <name>Затопленное убежище ГО (ru)</name>
            <description/>
            <Point id="836">
                <coordinates>61.3774274,55.2434213,0.0</coordinates>
            </Point>
        </Placemark>
        <Placemark id="839">
            <name>Несостоявшийся офис-центр &quot;Звезда-восток&quot; (ru)</name>
            <description/>
            <Point id="838">
                <coordinates>61.4088819,55.1994628,0.0</coordinates>
            </Point>
        </Placemark>
        <Placemark id="841">
            <name>Недостроенный жилой дом (ru)</name>
            <description/>
            <Point id="840">
                <coordinates>61.3362836,55.083139,0.0</coordinates>
            </Point>
        </Placemark>
        <Placemark id="843">
            <name>Заброшенные градирни (ru)</name>
            <description/>
            <Point id="842">
                <coordinates>61.4915138,55.1566917,0.0</coordinates>
            </Point>
        </Placemark>
        <Placemark id="845">
            <name>Tsimlyanskaya ulitsa, 2</name>
            <description/>
            <Point id="844">
                <coordinates>61.4862755,55.1051241,0.0</coordinates>
            </Point>
        </Placemark>
        <Placemark id="847">
            <name>Бывший склад РАВ (ru)</name>
            <description/>
            <Point id="846">
                <coordinates>61.3816786,55.179784,0.0</coordinates>
            </Point>
        </Placemark>
        <Placemark id="849">
            <name>Заброшенное здание (ru)</name>
            <description/>
            <Point id="848">
                <coordinates>61.4008953,55.1504414,0.0</coordinates>
            </Point>
        </Placemark>
        <Placemark id="851">
            <name>Бывшая ДПЧ (ru)</name>
            <description/>
            <Point id="850">
                <coordinates>61.40523,55.1505164,0.0</coordinates>
            </Point>
        </Placemark>
        <Placemark id="853">
            <name>ulitsa Tsvillinga, 8</name>
            <description/>
            <Point id="852">
                <coordinates>61.4032463,55.165601,0.0</coordinates>
            </Point>
        </Placemark>
        <Placemark id="855">
            <name>Заброшенный узел связи (ru)</name>
            <description/>
            <Point id="854">
                <coordinates>61.4043017,55.1595845,0.0</coordinates>
            </Point>
        </Placemark>
        <Placemark id="857">
            <name>Убежище Челябоблкоммунэнерго (Теплоснабжение) (ru)</name>
            <description/>
            <Point id="856">
                <coordinates>61.5928597,55.1045448,0.0</coordinates>
            </Point>
        </Placemark>
        <Placemark id="859">
            <name>Строящееся административное здание (ru)</name>
            <description/>
            <Point id="858">
                <coordinates>61.4007944,55.1419778,0.0</coordinates>
            </Point>
        </Placemark>
        <Placemark id="861">
            <name>ulitsa Stepana Razina, 1</name>
            <description/>
            <Point id="860">
                <coordinates>61.4071787,55.1368502,0.0</coordinates>
            </Point>
        </Placemark>
        <Placemark id="863">
            <name>Заброшенное поддомное бомбоубежище (ru)</name>
            <description/>
            <Point id="862">
                <coordinates>61.4247669,55.1858732,0.0</coordinates>
            </Point>
        </Placemark>
        <Placemark id="865">
            <name>Заброшенное здание (ru)</name>
            <description/>
            <Point id="864">
                <coordinates>61.4049854,55.1669294,0.0</coordinates>
            </Point>
        </Placemark>
        <Placemark id="867">
            <name>ulitsa Igumenka, 19</name>
            <description/>
            <Point id="866">
                <coordinates>61.4271191,55.1499998,0.0</coordinates>
            </Point>
        </Placemark>
        <Placemark id="869">
            <name>Строение (ru)</name>
            <description/>
            <Point id="868">
                <coordinates>61.4380131,55.1559592,0.0</coordinates>
            </Point>
        </Placemark>
        <Placemark id="871">
            <name>ulitsa Borby, 5</name>
            <description/>
            <Point id="870">
                <coordinates>61.6234004,55.1079092,0.0</coordinates>
            </Point>
        </Placemark>
        <Placemark id="873">
            <name>Заброшенный фундамент промздания (ru)</name>
            <description/>
            <Point id="872">
                <coordinates>61.4754768,55.2296853,0.0</coordinates>
            </Point>
        </Placemark>
        <Placemark id="875">
            <name>Заброшенное здание (ru)</name>
            <description/>
            <Point id="874">
                <coordinates>61.3882701,55.2099818,0.0</coordinates>
            </Point>
        </Placemark>
        <Placemark id="877">
            <name>Строящийся жилой дом (ru)</name>
            <description/>
            <Point id="876">
                <coordinates>61.4095816,55.1821008,0.0</coordinates>
            </Point>
        </Placemark>
        <Placemark id="879">
            <name>Заброшенный участок (ru)</name>
            <description/>
            <Point id="878">
                <coordinates>61.3086644,55.1875966,0.0</coordinates>
            </Point>
        </Placemark>
        <Placemark id="881">
            <name>Batumskaya ulitsa, 21</name>
            <description/>
            <Point id="880">
                <coordinates>61.4651296,55.1145217,0.0</coordinates>
            </Point>
        </Placemark>
        <Placemark id="883">
            <name>Градирня (ru)</name>
            <description/>
            <Point id="882">
                <coordinates>61.4559451,55.1559623,0.0</coordinates>
            </Point>
        </Placemark>
        <Placemark id="885">
            <name>Taganayskaya ulitsa, 3</name>
            <description/>
            <Point id="884">
                <coordinates>61.5947426,55.2332981,0.0</coordinates>
            </Point>
        </Placemark>
        <Placemark id="887">
            <name>Заброшенное здание (ru)</name>
            <description/>
            <Point id="886">
                <coordinates>61.4114646,55.1566174,0.0</coordinates>
            </Point>
        </Placemark>
        <Placemark id="889">
            <name>Заброшенное здание (ru)</name>
            <description/>
            <Point id="888">
                <coordinates>61.3973803,55.07236,0.0</coordinates>
            </Point>
        </Placemark>
        <Placemark id="891">
            <name>Kopeyskoye shosse, 10</name>
            <description/>
            <Point id="890">
                <coordinates>61.5089589,55.1226648,0.0</coordinates>
            </Point>
        </Placemark>
        <Placemark id="893">
            <name>ulitsa Borby, 3</name>
            <description/>
            <Point id="892">
                <coordinates>61.6234947,55.1075591,0.0</coordinates>
            </Point>
        </Placemark>
        <Placemark id="895">
            <name>Заброшенное общежитие СМП-806 (ru)</name>
            <description/>
            <Point id="894">
                <coordinates>61.4170262,55.1336196,0.0</coordinates>
            </Point>
        </Placemark>
        <Placemark id="897">
            <name>Заброшенное БВУ (ru)</name>
            <description/>
            <Point id="896">
                <coordinates>61.3746982,55.1153466,0.0</coordinates>
            </Point>
        </Placemark>
        <Placemark id="899">
            <name>Rossiyskaya ulitsa, 100</name>
            <description/>
            <Point id="898">
                <coordinates>61.4146943,55.17152,0.0</coordinates>
            </Point>
        </Placemark>
        <Placemark id="901">
            <name>Kopeyskoye shosse, 88/2</name>
            <description/>
            <Point id="900">
                <coordinates>61.4482498,55.1491331,0.0</coordinates>
            </Point>
        </Placemark>
        <Placemark id="903">
            <name>Заброшенный дом (ru)</name>
            <description/>
            <Point id="902">
                <coordinates>61.3489691,55.1003364,0.0</coordinates>
            </Point>
        </Placemark>
        <Placemark id="905">
            <name>Кинотеатр «Восток» (не действующий) (ru)</name>
            <description/>
            <Point id="904">
                <coordinates>61.4661575,55.1099717,0.0</coordinates>
            </Point>
        </Placemark>
        <Placemark id="907">
            <name>ulitsa Borby, 1</name>
            <description/>
            <Point id="906">
                <coordinates>61.6235785,55.1072138,0.0</coordinates>
            </Point>
        </Placemark>
        <Placemark id="909">
            <name>Недострой (ru)</name>
            <description/>
            <Point id="908">
                <coordinates>61.5951986,55.0471371,0.0</coordinates>
            </Point>
        </Placemark>
        <Placemark id="911">
            <name>ulitsa Obraztsova, 6</name>
            <description/>
            <Point id="910">
                <coordinates>61.3780268,55.1459701,0.0</coordinates>
            </Point>
        </Placemark>
        <Placemark id="913">
            <name>Заброшенная градирня (ru)</name>
            <description/>
            <Point id="912">
                <coordinates>61.4613336,55.1497016,0.0</coordinates>
            </Point>
        </Placemark>
        <Placemark id="915">
            <name>ulitsa Borby, 7</name>
            <description/>
            <Point id="914">
                <coordinates>61.6233217,55.1082618,0.0</coordinates>
            </Point>
        </Placemark>
        <Placemark id="917">
            <name>Заброшенное здание (ru)</name>
            <description/>
            <Point id="916">
                <coordinates>61.4147225,55.2436095,0.0</coordinates>
            </Point>
        </Placemark>
        <Placemark id="919">
            <name>Расселённое общежитие (ru)</name>
            <description/>
            <Point id="918">
                <coordinates>61.3809611,55.194215,0.0</coordinates>
            </Point>
        </Placemark>
        <Placemark id="921">
            <name>Строящееся здание (ru)</name>
            <description/>
            <Point id="920">
                <coordinates>61.4064542,55.1674184,0.0</coordinates>
            </Point>
        </Placemark>
        <Placemark id="923">
            <name>Artilleriyskaya ulitsa, 79</name>
            <description/>
            <Point id="922">
                <coordinates>61.4325441,55.1732877,0.0</coordinates>
            </Point>
        </Placemark>
        <Placemark id="925">
            <name>ulitsa Borby, 9</name>
            <description/>
            <Point id="924">
                <coordinates>61.6232368,55.108612,0.0</coordinates>
            </Point>
        </Placemark>
        <Placemark id="927">
            <name>Блочная газовая мини-котельная (ru)</name>
            <description/>
            <Point id="926">
                <coordinates>61.4617667,55.1513569,0.0</coordinates>
            </Point>
        </Placemark>
        <Placemark id="929">
            <name>Блочная газовая мини-котельная (ru)</name>
            <description/>
            <Point id="928">
                <coordinates>61.4636017,55.1576287,0.0</coordinates>
            </Point>
        </Placemark>
        <Placemark id="931">
            <name>Заброшенное бомбоубежище (ru)</name>
            <description/>
            <Point id="930">
                <coordinates>61.3551543,55.2043321,0.0</coordinates>
            </Point>
        </Placemark>
        <Placemark id="933">
            <name>Затопленное убежище ГО (ru)</name>
            <description/>
            <Point id="932">
                <coordinates>61.419196,55.1840287,0.0</coordinates>
            </Point>
        </Placemark>
        <Placemark id="935">
            <name>Заброшенный гараж (ru)</name>
            <description/>
            <Point id="934">
                <coordinates>61.4631172,55.1508597,0.0</coordinates>
            </Point>
        </Placemark>
        <Placemark id="937">
            <name>Недостроенный дом (ru)</name>
            <description/>
            <Point id="936">
                <coordinates>61.4705737,55.1307421,0.0</coordinates>
            </Point>
        </Placemark>
        <Placemark id="939">
            <name>Трубопроводная эстакада заброшенная (ru)</name>
            <description/>
            <Point id="938">
                <coordinates>61.4629134,55.1508381,0.0</coordinates>
            </Point>
        </Placemark>
        <Placemark id="941">
            <name>Бывшее здание подъёмной машины (ru)</name>
            <description/>
            <Point id="940">
                <coordinates>61.5750679,55.0440815,0.0</coordinates>
            </Point>
        </Placemark>
        <Placemark id="943">
            <name>Недостроенное здание (ru)</name>
            <description/>
            <Point id="942">
                <coordinates>61.3754425,55.1834199,0.0</coordinates>
            </Point>
        </Placemark>
        <Placemark id="945">
            <name>Недостроенный коттедж (ru)</name>
            <description/>
            <Point id="944">
                <coordinates>61.4371333,55.1279701,0.0</coordinates>
            </Point>
        </Placemark>
        <Placemark id="947">
            <name>Склад (ru)</name>
            <description/>
            <Point id="946">
                <coordinates>61.2120645,55.0284313,0.0</coordinates>
            </Point>
        </Placemark>
        <Placemark id="949">
            <name>ulitsa Truda, 56</name>
            <description/>
            <Point id="948">
                <coordinates>61.4123655,55.1684627,0.0</coordinates>
            </Point>
        </Placemark>
        <Placemark id="951">
            <name>Заброшенный детский сад (ru)</name>
            <description/>
            <Point id="950">
                <coordinates>61.3997757,55.1175698,0.0</coordinates>
            </Point>
        </Placemark>
        <Placemark id="953">
            <name>Заброшенное защитное сооружение ГО (убежище) (ru)</name>
            <description/>
            <Point id="952">
                <coordinates>61.6579817,55.1306064,0.0</coordinates>
            </Point>
        </Placemark>
        <Placemark id="955">
            <name>Заброшенное здание (ru)</name>
            <description/>
            <Point id="954">
                <coordinates>61.3748873,55.150714,0.0</coordinates>
            </Point>
        </Placemark>
        <Placemark id="957">
            <name>Samotsvetnaya ulitsa, 16</name>
            <description/>
            <Point id="956">
                <coordinates>61.4579401,55.1282354,0.0</coordinates>
            </Point>
        </Placemark>
        <Placemark id="959">
            <name>Заброшенный детский сад (ru)</name>
            <description/>
            <Point id="958">
                <coordinates>61.455528,55.1369107,0.0</coordinates>
            </Point>
        </Placemark>
        <Placemark id="961">
            <name>Бокс автопарка (ru)</name>
            <description/>
            <Point id="960">
                <coordinates>61.3770908,55.1147607,0.0</coordinates>
            </Point>
        </Placemark>
        <Placemark id="963">
            <name>Заброшенное здание (ru)</name>
            <description/>
            <Point id="962">
                <coordinates>61.3876979,55.2099383,0.0</coordinates>
            </Point>
        </Placemark>
        <Placemark id="965">
            <name>Sverdlovsky trakt, 18а</name>
            <description/>
            <Point id="964">
                <coordinates>61.3795739,55.2177515,0.0</coordinates>
            </Point>
        </Placemark>
        <Placemark id="967">
            <name>Недостроенный трёхэтажный дом (ru)</name>
            <description/>
            <Point id="966">
                <coordinates>61.3565222,55.1163697,0.0</coordinates>
            </Point>
        </Placemark>
        <Placemark id="969">
            <name>ulitsa Blyukhera, 7</name>
            <description/>
            <Point id="968">
                <coordinates>61.383212,55.1417881,0.0</coordinates>
            </Point>
        </Placemark>
        <Placemark id="971">
            <name>Заброшенное бомбоубежище колонии (ru)</name>
            <description/>
            <Point id="970">
                <coordinates>61.5609843,55.1040699,0.0</coordinates>
            </Point>
        </Placemark>
        <Placemark id="973">
            <name>Заброшенное поддомное бомбоубежище (ru)</name>
            <description/>
            <Point id="972">
                <coordinates>61.4074238,55.1583298,0.0</coordinates>
            </Point>
        </Placemark>
        <Placemark id="975">
            <name>Заброшенное здание (ru)</name>
            <description/>
            <Point id="974">
                <coordinates>61.4118722,55.1567921,0.0</coordinates>
            </Point>
        </Placemark>
        <Placemark id="977">
            <name>Расселённый дом (ru)</name>
            <description/>
            <Point id="976">
                <coordinates>61.6066905,55.0989307,0.0</coordinates>
            </Point>
        </Placemark>
        <Placemark id="979">
            <name>Расселённый дом (ru)</name>
            <description/>
            <Point id="978">
                <coordinates>61.3813341,55.1898981,0.0</coordinates>
            </Point>
        </Placemark>
        <Placemark id="981">
            <name>Заброшенный жилой дом (ru)</name>
            <description/>
            <Point id="980">
                <coordinates>61.6020959,55.0987097,0.0</coordinates>
            </Point>
        </Placemark>
        <Placemark id="983">
            <name>Недостроенное здание (ru)</name>
            <description/>
            <Point id="982">
                <coordinates>61.4007907,55.1927421,0.0</coordinates>
            </Point>
        </Placemark>
        <Placemark id="985">
            <name>Заброшенное здание (ru)</name>
            <description/>
            <Point id="984">
                <coordinates>61.2988,55.2414461,0.0</coordinates>
            </Point>
        </Placemark>
        <Placemark id="987">
            <name>Заброшенное здание (ru)</name>
            <description/>
            <Point id="986">
                <coordinates>61.6028993,55.0998431,0.0</coordinates>
            </Point>
        </Placemark>
        <Placemark id="989">
            <name>Заброшенный жилой дом (ru)</name>
            <description/>
            <Point id="988">
                <coordinates>61.6029569,55.0993696,0.0</coordinates>
            </Point>
        </Placemark>
        <Placemark id="991">
            <name>Sverdlovsky prospekt, 17а</name>
            <description/>
            <Point id="990">
                <coordinates>61.3878665,55.1871939,0.0</coordinates>
            </Point>
        </Placemark>
        <Placemark id="993">
            <name>Бывшая мазутная насосная (ru)</name>
            <description/>
            <Point id="992">
                <coordinates>61.4442774,55.2088121,0.0</coordinates>
            </Point>
        </Placemark>
        <Placemark id="995">
            <name>заброшенная общественная баня (ru)</name>
            <description/>
            <Point id="994">
                <coordinates>61.2645277,55.0694683,0.0</coordinates>
            </Point>
        </Placemark>
        <Placemark id="997">
            <name>Недостроенный коттедж (ru)</name>
            <description/>
            <Point id="996">
                <coordinates>61.5928423,55.2330564,0.0</coordinates>
            </Point>
        </Placemark>
        <Placemark id="999">
            <name>Заброшенное бомбоубежище (ru)</name>
            <description/>
            <Point id="998">
                <coordinates>61.4099222,55.1970555,0.0</coordinates>
            </Point>
        </Placemark>
        <Placemark id="1001">
            <name>Расселённый дом (ru)</name>
            <description/>
            <Point id="1000">
                <coordinates>61.625289,55.1182911,0.0</coordinates>
            </Point>
        </Placemark>
        <Placemark id="1003">
            <name>Летнее кафе (ru)</name>
            <description/>
            <Point id="1002">
                <coordinates>61.4649219,55.1174752,0.0</coordinates>
            </Point>
        </Placemark>
        <Placemark id="1005">
            <name>Бывший деревенский магазин (ru)</name>
            <description/>
            <Point id="1004">
                <coordinates>61.3146019,55.1485298,0.0</coordinates>
            </Point>
        </Placemark>
        <Placemark id="1007">
            <name>Заброшенный учебный корпус Челябинской АШ ДОСААФ России (ru)</name>
            <description/>
            <Point id="1006">
                <coordinates>61.3528849,55.19015,0.0</coordinates>
            </Point>
        </Placemark>
        <Placemark id="1009">
            <name>Торговый павильон (ru)</name>
            <description/>
            <Point id="1008">
                <coordinates>61.6027664,55.1021931,0.0</coordinates>
            </Point>
        </Placemark>
        <Placemark id="1011">
            <name>Недостроенный коттедж (ru)</name>
            <description/>
            <Point id="1010">
                <coordinates>61.591865,55.233252,0.0</coordinates>
            </Point>
        </Placemark>
        <Placemark id="1013">
            <name>Диспетчерская (ru)</name>
            <description/>
            <Point id="1012">
                <coordinates>61.4973154,55.2303828,0.0</coordinates>
            </Point>
        </Placemark>
        <Placemark id="1015">
            <name>Заброшенные постаменты (ru)</name>
            <description/>
            <Point id="1014">
                <coordinates>61.4641125,55.1281084,0.0</coordinates>
            </Point>
        </Placemark>
        <Placemark id="1017">
            <name>Магазин (ru)</name>
            <description/>
            <Point id="1016">
                <coordinates>61.3376998,55.1935205,0.0</coordinates>
            </Point>
        </Placemark>
        <Placemark id="1019">
            <name>Здание (ru)</name>
            <description/>
            <Point id="1018">
                <coordinates>61.4283397,55.137474,0.0</coordinates>
            </Point>
        </Placemark>
        <Placemark id="1021">
            <name>Заброшенное здание (ru)</name>
            <description/>
            <Point id="1020">
                <coordinates>61.4717828,55.0960114,0.0</coordinates>
            </Point>
        </Placemark>
        <Placemark id="1023">
            <name>Бывший мехцех (ru)</name>
            <description/>
            <Point id="1022">
                <coordinates>61.5647246,55.081385,0.0</coordinates>
            </Point>
        </Placemark>
        <Placemark id="1025">
            <name>Заброшенная трамвайная диспетчерская (ru)</name>
            <description/>
            <Point id="1024">
                <coordinates>61.4924882,55.100204,0.0</coordinates>
            </Point>
        </Placemark>
        <Placemark id="1027">
            <name>Заброшеный Кабельный Колектор (ru)</name>
            <description/>
            <Point id="1026">
                <coordinates>61.4435411,55.1533348,0.0</coordinates>
            </Point>
        </Placemark>
        <Placemark id="1029">
            <name>Заброшенный паровоз Л-0015 (ru)</name>
            <description/>
            <Point id="1028">
                <coordinates>61.4247669,55.1550525,0.0</coordinates>
            </Point>
        </Placemark>
        <Placemark id="1031">
            <name>Бывшее Кафе&quot;Арина&quot; (ru)</name>
            <description/>
            <Point id="1030">
                <coordinates>61.3947173,55.0662216,0.0</coordinates>
            </Point>
        </Placemark>
        <Placemark id="1033">
            <name>ulitsa Dekabristov, 16</name>
            <description/>
            <Point id="1032">
                <coordinates>61.7226818,55.2228387,0.0</coordinates>
            </Point>
        </Placemark>
        <Placemark id="1035">
            <name>Заброшенное 2-этажное здание (ru)</name>
            <description/>
            <Point id="1034">
                <coordinates>61.3547063,55.0996328,0.0</coordinates>
            </Point>
        </Placemark>
        <Placemark id="1037">
            <name>Неиспользуемый туалет (ru)</name>
            <description/>
            <Point id="1036">
                <coordinates>61.3595841,55.1608046,0.0</coordinates>
            </Point>
        </Placemark>
        <Placemark id="1039">
            <name>Заброшенное строение (ru)</name>
            <description/>
            <Point id="1038">
                <coordinates>61.3630405,55.2394571,0.0</coordinates>
            </Point>
        </Placemark>
        <Placemark id="1041">
            <name>Заброшенный резервурар (ru)</name>
            <description/>
            <Point id="1040">
                <coordinates>61.5902513,55.0769939,0.0</coordinates>
            </Point>
        </Placemark>
        <Placemark id="1043">
            <name>Сгоревшее кафе (ru)</name>
            <description/>
            <Point id="1042">
                <coordinates>61.4103686,55.1934189,0.0</coordinates>
            </Point>
        </Placemark>
        <Placemark id="1045">
            <name>Ангар (ru)</name>
            <description/>
            <Point id="1044">
                <coordinates>61.4415513,55.2262359,0.0</coordinates>
            </Point>
        </Placemark>
        <Placemark id="1047">
            <name>Бывшая диспетчерская (ru)</name>
            <description/>
            <Point id="1046">
                <coordinates>61.5080308,55.1565491,0.0</coordinates>
            </Point>
        </Placemark>
        <Placemark id="1049">
            <name>Здание (ru)</name>
            <description/>
            <Point id="1048">
                <coordinates>61.2983785,55.2112895,0.0</coordinates>
            </Point>
        </Placemark>
        <Placemark id="1051">
            <name>Сгоревший коттедж (ru)</name>
            <description/>
            <Point id="1050">
                <coordinates>61.2878878,55.2021522,0.0</coordinates>
            </Point>
        </Placemark>
        <Placemark id="1053">
            <name>Блочная газовая мини-котельная (ru)</name>
            <description/>
            <Point id="1052">
                <coordinates>61.4612678,55.149914,0.0</coordinates>
            </Point>
        </Placemark>
        <Placemark id="1055">
            <name>Заброшенная насосная станция водопровода железной дороги (ru)</name>
            <description/>
            <Point id="1054">
                <coordinates>61.4106023,55.1698976,0.0</coordinates>
            </Point>
        </Placemark>
        <Placemark id="1057">
            <name>Заброшенное бомбоубежище (ru)</name>
            <description/>
            <Point id="1056">
                <coordinates>61.6429445,55.1204078,0.0</coordinates>
            </Point>
        </Placemark>
        <Placemark id="1059">
            <name>Скотомогильник (ru)</name>
            <description/>
            <Point id="1058">
                <coordinates>61.3822758,55.0287133,0.0</coordinates>
            </Point>
        </Placemark>
        <Placemark id="1061">
            <name>Пересохший родничок (ru)</name>
            <description/>
            <Point id="1060">
                <coordinates>61.3588834,55.1705322,0.0</coordinates>
            </Point>
        </Placemark>
        <Placemark id="1063">
            <name>Каменное сооружение (ru)</name>
            <description/>
            <Point id="1062">
                <coordinates>61.3706986,55.1670429,0.0</coordinates>
            </Point>
        </Placemark>
        <Placemark id="1065">
            <name>Заброшенный пейнтбольный клуб (ru)</name>
            <description/>
            <Point id="1064">
                <coordinates>61.3618382,55.1531666,0.0</coordinates>
            </Point>
        </Placemark>
        <Placemark id="1067">
            <name>Остановка «Энтузиастов» (ru)</name>
            <description/>
            <Point id="1066">
                <coordinates>61.3777868,55.1574986,0.0</coordinates>
            </Point>
        </Placemark>
        <Placemark id="1069">
            <name>Насосная станция (ru)</name>
            <description/>
            <Point id="1068">
                <coordinates>61.3179855,55.1086445,0.0</coordinates>
            </Point>
        </Placemark>
        <Placemark id="1071">
            <name>Пост ГИБДД (Челябинск-Копейск) (ru)</name>
            <description/>
            <Point id="1070">
                <coordinates>61.5423538,55.1195297,0.0</coordinates>
            </Point>
        </Placemark>
        <Placemark id="1073">
            <name>Заброшенная ТП (ru)</name>
            <description/>
            <Point id="1072">
                <coordinates>61.2910079,55.168672,0.0</coordinates>
            </Point>
        </Placemark>
        <Placemark id="1075">
            <name>Martenovskaya ulitsa, 58</name>
            <description/>
            <Point id="1074">
                <coordinates>61.3923391,55.2331864,0.0</coordinates>
            </Point>
        </Placemark>
        <Placemark id="1077">
            <name>Развалины (ru)</name>
            <description/>
            <Point id="1076">
                <coordinates>61.4554863,55.1826305,0.0</coordinates>
            </Point>
        </Placemark>
        <Placemark id="1079">
            <name>Бывший монтажный цех (ru)</name>
            <description/>
            <Point id="1078">
                <coordinates>61.5640769,55.0815585,0.0</coordinates>
            </Point>
        </Placemark>
        <Placemark id="1081">
            <name>Заброшенное промышленное здание (ru)</name>
            <description/>
            <Point id="1080">
                <coordinates>61.3897793,55.2122663,0.0</coordinates>
            </Point>
        </Placemark>
        <Placemark id="1083">
            <name>Заброшенное здание (ru)</name>
            <description/>
            <Point id="1082">
                <coordinates>61.481951,55.2176273,0.0</coordinates>
            </Point>
        </Placemark>
        <Placemark id="1085">
            <name>Заброшенный дом (ru)</name>
            <description/>
            <Point id="1084">
                <coordinates>61.4595056,55.1527309,0.0</coordinates>
            </Point>
        </Placemark>
        <Placemark id="1087">
            <name>Заброшенное сооружение (ru)</name>
            <description/>
            <Point id="1086">
                <coordinates>61.2632342,55.2186494,0.0</coordinates>
            </Point>
        </Placemark>
        <Placemark id="1089">
            <name>Круглая площадка (ru)</name>
            <description/>
            <Point id="1088">
                <coordinates>61.3192979,55.1609503,0.0</coordinates>
            </Point>
        </Placemark>
        <Placemark id="1091">
            <name>Башня (ru)</name>
            <description/>
            <Point id="1090">
                <coordinates>61.4008756,55.1479355,0.0</coordinates>
            </Point>
        </Placemark>
        <Placemark id="1093">
            <name>Бетонная площадка (ru)</name>
            <description/>
            <Point id="1092">
                <coordinates>61.3305357,55.1242008,0.0</coordinates>
            </Point>
        </Placemark>
        <Placemark id="1095">
            <name>Законсервированная станция пожаротушения (ru)</name>
            <description/>
            <Point id="1094">
                <coordinates>61.461229,55.151445,0.0</coordinates>
            </Point>
        </Placemark>
        <Placemark id="1097">
            <name>Заброшенный дом (ru)</name>
            <description/>
            <Point id="1096">
                <coordinates>61.3329993,55.1522674,0.0</coordinates>
            </Point>
        </Placemark>
        <Placemark id="1099">
            <name>Заброшенная остановка общественного транспорта (ru)</name>
            <description/>
            <Point id="1098">
                <coordinates>61.5265836,55.2325754,0.0</coordinates>
            </Point>
        </Placemark>
        <Placemark id="1101">
            <name>Заброшенное одноэтажное здание (ru)</name>
            <description/>
            <Point id="1100">
                <coordinates>61.5346826,55.081953,0.0</coordinates>
            </Point>
        </Placemark>
        <Placemark id="1103">
            <name>Rossiyskaya ulitsa, 98</name>
            <description/>
            <Point id="1102">
                <coordinates>61.4150669,55.1716424,0.0</coordinates>
            </Point>
        </Placemark>
        <Placemark id="1105">
            <name>Krasnoarmeyskaya ulitsa, 31</name>
            <description/>
            <Point id="1104">
                <coordinates>61.4131302,55.1723218,0.0</coordinates>
            </Point>
        </Placemark>
        <Placemark id="1107">
            <name>Домик (ru)</name>
            <description/>
            <Point id="1106">
                <coordinates>61.4595579,55.1525332,0.0</coordinates>
            </Point>
        </Placemark>
        <Placemark id="1109">
            <name>Неиспользуемая остановка (ru)</name>
            <description/>
            <Point id="1108">
                <coordinates>61.3348419,55.1752361,0.0</coordinates>
            </Point>
        </Placemark>
        <Placemark id="1111">
            <name>«Башня Тартаковского» (ru)</name>
            <description/>
            <Point id="1110">
                <coordinates>61.4133461,55.1537961,0.0</coordinates>
            </Point>
        </Placemark>
        <Placemark id="1113">
            <name>Water tower</name>
            <description/>
            <Point id="1112">
                <coordinates>61.417914,55.1444176,0.0</coordinates>
            </Point>
        </Placemark>
        <Placemark id="1115">
            <name>Насосная станция (ru)</name>
            <description/>
            <Point id="1114">
                <coordinates>61.3268063,55.0967398,0.0</coordinates>
            </Point>
        </Placemark>
        <Placemark id="1117">
            <name>Заброшенный дом (ru)</name>
            <description/>
            <Point id="1116">
                <coordinates>61.4299342,55.1351022,0.0</coordinates>
            </Point>
        </Placemark>
        <Placemark id="1119">
            <name>Сгоревший дом (ru)</name>
            <description/>
            <Point id="1118">
                <coordinates>61.4298082,55.1349535,0.0</coordinates>
            </Point>
        </Placemark>
        <Placemark id="1121">
            <name>Заброшенное здание (ru)</name>
            <description/>
            <Point id="1120">
                <coordinates>61.4570862,55.1456206,0.0</coordinates>
            </Point>
        </Placemark>
        <Placemark id="1123">
            <name>Заброшенная сторожка железнодорожников (ru)</name>
            <description/>
            <Point id="1122">
                <coordinates>61.441968,55.1538581,0.0</coordinates>
            </Point>
        </Placemark>
        <Placemark id="1125">
            <name>Rossiyskaya ulitsa, 102</name>
            <description/>
            <Point id="1124">
                <coordinates>61.4150725,55.1714085,0.0</coordinates>
            </Point>
        </Placemark>
        <Placemark id="1127">
            <name>ulitsa Truda, 97</name>
            <description/>
            <Point id="1126">
                <coordinates>61.4047175,55.1678874,0.0</coordinates>
            </Point>
        </Placemark>
        <Placemark id="1129">
            <name>Заброшенная опора ЛЭП (ru)</name>
            <description/>
            <Point id="1128">
                <coordinates>61.259052,55.1468384,0.0</coordinates>
            </Point>
        </Placemark>
        <Placemark id="1131">
            <name>Остановка «Володарского» (ru)</name>
            <description/>
            <Point id="1130">
                <coordinates>61.3872214,55.1577835,0.0</coordinates>
            </Point>
        </Placemark>
        <Placemark id="1133">
            <name>Water tower</name>
            <description/>
            <Point id="1132">
                <coordinates>61.2951881,55.1498333,0.0</coordinates>
            </Point>
        </Placemark>
        <Placemark id="1135">
            <name>Обсерватория (ru)</name>
            <description/>
            <Point id="1134">
                <coordinates>61.3914392,55.1652908,0.0</coordinates>
            </Point>
        </Placemark>
        <Placemark id="1137">
            <name>Volgogradskaya ulitsa, 30</name>
            <description/>
            <Point id="1136">
                <coordinates>61.383245,55.1377294,0.0</coordinates>
            </Point>
        </Placemark>
        <Placemark id="1139">
            <name>Заброшенный дом (ru)</name>
            <description/>
            <Point id="1138">
                <coordinates>61.4423047,55.0332393,0.0</coordinates>
            </Point>
        </Placemark>
        <Placemark id="1141">
            <name>Заброшенный резервуар (ru)</name>
            <description/>
            <Point id="1140">
                <coordinates>61.6174415,55.0894396,0.0</coordinates>
            </Point>
        </Placemark>
        <Placemark id="1143">
            <name>Вход  в туннель (ru)</name>
            <description/>
            <Point id="1142">
                <coordinates>61.4445107,55.1526926,0.0</coordinates>
            </Point>
        </Placemark>
        <Placemark id="1145">
            <name>Заброшенный дом (ru)</name>
            <description/>
            <Point id="1144">
                <coordinates>61.3568333,55.0553173,0.0</coordinates>
            </Point>
        </Placemark>
        <Placemark id="1147">
            <name>Заваленный спуск под землю (ru)</name>
            <description/>
            <Point id="1146">
                <coordinates>61.6748414,55.1669079,0.0</coordinates>
            </Point>
        </Placemark>
        <Placemark id="1149">
            <name>Неработающий шашлычный ларёк (ru)</name>
            <description/>
            <Point id="1148">
                <coordinates>61.3819831,55.1538053,0.0</coordinates>
            </Point>
        </Placemark>
        <Placemark id="1151">
            <name>Заброшенная система орошения полей (ru)</name>
            <description/>
            <Point id="1150">
                <coordinates>61.2419034,55.0824981,0.0</coordinates>
            </Point>
        </Placemark>
        <Placemark id="1153">
            <name>Остатки входной группы (ru)</name>
            <description/>
            <Point id="1152">
                <coordinates>61.3639519,55.1511907,0.0</coordinates>
            </Point>
        </Placemark>
        <Placemark id="1155">
            <name>Водонапорная башня (ru)</name>
            <description/>
            <Point id="1154">
                <coordinates>61.2987032,55.241243,0.0</coordinates>
            </Point>
        </Placemark>
        <Placemark id="1157">
            <name>Заброшенная обсерватория (ru)</name>
            <description/>
            <Point id="1156">
                <coordinates>61.4587507,55.1682223,0.0</coordinates>
            </Point>
        </Placemark>
        <Placemark id="1159">
            <name>Заброшенный фонтан (ru)</name>
            <description/>
            <Point id="1158">
                <coordinates>61.3844543,55.1486799,0.0</coordinates>
            </Point>
        </Placemark>
        <Placemark id="1161">
            <name>Заброшенное здание (ru)</name>
            <description/>
            <Point id="1160">
                <coordinates>61.3564793,55.055348,0.0</coordinates>
            </Point>
        </Placemark>
        <Placemark id="1163">
            <name>Бывший общественный туалет (ru)</name>
            <description/>
            <Point id="1162">
                <coordinates>61.3303398,55.1243332,0.0</coordinates>
            </Point>
        </Placemark>
        <Placemark id="1165">
            <name>Заброшенный общественный туалет (ru)</name>
            <description/>
            <Point id="1164">
                <coordinates>61.3890834,55.1631163,0.0</coordinates>
            </Point>
        </Placemark>
        <Placemark id="1167">
            <name>Недостроенное крыло (ru)</name>
            <description/>
            <Point id="1166">
                <coordinates>61.4009543,55.1800277,0.0</coordinates>
            </Point>
        </Placemark>
        <Placemark id="1169">
            <name>Заброшенный жилой дом (ru)</name>
            <description/>
            <Point id="1168">
                <coordinates>61.4423756,55.0331788,0.0</coordinates>
            </Point>
        </Placemark>
        <Placemark id="1171">
            <name>Бывшая остановка (ru)</name>
            <description/>
            <Point id="1170">
                <coordinates>61.6101935,55.0357074,0.0</coordinates>
            </Point>
        </Placemark>
        <Placemark id="1173">
            <name>Брошенное сооружение (ru)</name>
            <description/>
            <Point id="1172">
                <coordinates>61.5689486,55.0856251,0.0</coordinates>
            </Point>
        </Placemark>
        <Placemark id="1175">
            <name>Дом (ru)</name>
            <description/>
            <Point id="1174">
                <coordinates>61.4590228,55.1526336,0.0</coordinates>
            </Point>
        </Placemark>
        <Placemark id="1177">
            <name>Бывшая железнодорожная будка (ru)</name>
            <description/>
            <Point id="1176">
                <coordinates>61.4435089,55.2072645,0.0</coordinates>
            </Point>
        </Placemark>
        <Placemark id="1179">
            <name>Обрушенная шахта (ru)</name>
            <description/>
            <Point id="1178">
                <coordinates>61.2674988,55.1675461,0.0</coordinates>
            </Point>
        </Placemark>
        <Placemark id="1181">
            <name>Заброшенный автовъезд в бомбоубежище (ru)</name>
            <description/>
            <Point id="1180">
                <coordinates>61.3911455,55.1928768,0.0</coordinates>
            </Point>
        </Placemark>
        <Placemark id="1183">
            <name>Заброшенное здание (ru)</name>
            <description/>
            <Point id="1182">
                <coordinates>61.5316903,55.1135215,0.0</coordinates>
            </Point>
        </Placemark>
        <Placemark id="1185">
            <name>Наклонный спуск в убежище (ru)</name>
            <description/>
            <Point id="1184">
                <coordinates>61.6218302,55.1022653,0.0</coordinates>
            </Point>
        </Placemark>
        <Placemark id="1187">
            <name>Пожарная вышка (ru)</name>
            <description/>
            <Point id="1186">
                <coordinates>61.4998554,55.1213388,0.0</coordinates>
            </Point>
        </Placemark>
        <Placemark id="1189">
            <name>Бывший спуск в подземный переход (ru)</name>
            <description/>
            <Point id="1188">
                <coordinates>61.3686432,55.040521,0.0</coordinates>
            </Point>
        </Placemark>
        <Placemark id="1191">
            <name>Заброшенное здание (ru)</name>
            <description/>
            <Point id="1190">
                <coordinates>61.5255806,55.1777529,0.0</coordinates>
            </Point>
        </Placemark>
        <Placemark id="1193">
            <name>Заброшенный объект (ru)</name>
            <description/>
            <Point id="1192">
                <coordinates>61.3696891,55.1748576,0.0</coordinates>
            </Point>
        </Placemark>
        <Placemark id="1195">
            <name>Заброшенная электрощитовая с пристенным питьевым фонтанчиком (ru)</name>
            <description/>
            <Point id="1194">
                <coordinates>61.3946071,55.1680818,0.0</coordinates>
            </Point>
        </Placemark>
        <Placemark id="1197">
            <name>Бывший фонтан (ru)</name>
            <description/>
            <Point id="1196">
                <coordinates>61.3717835,55.0389735,0.0</coordinates>
            </Point>
        </Placemark>
        <Placemark id="1199">
            <name>Старый блиндаж (ru)</name>
            <description/>
            <Point id="1198">
                <coordinates>61.5958536,55.0536132,0.0</coordinates>
            </Point>
        </Placemark>
        <Placemark id="1201">
            <name>Трансформаторная подстанция (ru)</name>
            <description/>
            <Point id="1200">
                <coordinates>61.5230435,55.180651,0.0</coordinates>
            </Point>
        </Placemark>
        <Placemark id="1203">
            <name>Заброшенная Трансформаторная Подстанция (ru)</name>
            <description/>
            <Point id="1202">
                <coordinates>61.6281532,55.1694595,0.0</coordinates>
            </Point>
        </Placemark>
        <Placemark id="1205">
            <name>Будка (ru)</name>
            <description/>
            <Point id="1204">
                <coordinates>61.5332816,55.0798016,0.0</coordinates>
            </Point>
        </Placemark>
        <Placemark id="1207">
            <name>Сооружение (ru)</name>
            <description/>
            <Point id="1206">
                <coordinates>61.3029317,55.1481535,0.0</coordinates>
            </Point>
        </Placemark>
        <Placemark id="1209">
            <name>Заброшенное сооружение (ru)</name>
            <description/>
            <Point id="1208">
                <coordinates>61.2488664,55.0452342,0.0</coordinates>
            </Point>
        </Placemark>
        <Placemark id="1211">
            <name>Заброшенная бетонная коробка (ru)</name>
            <description/>
            <Point id="1210">
                <coordinates>61.5222076,55.1804283,0.0</coordinates>
            </Point>
        </Placemark>
        <Placemark id="1213">
            <name>Техническое сооружение (ru)</name>
            <description/>
            <Point id="1212">
                <coordinates>61.3181093,55.1085743,0.0</coordinates>
            </Point>
        </Placemark>
        <Placemark id="1215">
            <name>Небольшое подземное сооружение (ru)</name>
            <description/>
            <Point id="1214">
                <coordinates>61.318065,55.1086642,0.0</coordinates>
            </Point>
        </Placemark>
        <Placemark id="1217">
            <name>Заброшенный гараж (ru)</name>
            <description/>
            <Point id="1216">
                <coordinates>61.3983888,55.0692893,0.0</coordinates>
            </Point>
        </Placemark>
        <Placemark id="1219">
            <name>Будка (ru)</name>
            <description/>
            <Point id="1218">
                <coordinates>61.4297264,55.1670527,0.0</coordinates>
            </Point>
        </Placemark>
        <Placemark id="1221">
            <name>ТП (ru)</name>
            <description/>
            <Point id="1220">
                <coordinates>61.3025736,55.2369884,0.0</coordinates>
            </Point>
        </Placemark>
        <Placemark id="1223">
            <name>Опора ЛЭП (ru)</name>
            <description/>
            <Point id="1222">
                <coordinates>61.3538635,55.1762644,0.0</coordinates>
            </Point>
        </Placemark>
        <Placemark id="1225">
            <name>Обрушенная шахта (ru)</name>
            <description/>
            <Point id="1224">
                <coordinates>61.2684281,55.1675032,0.0</coordinates>
            </Point>
        </Placemark>
        <Placemark id="1227">
            <name>Заброшенный фонтан (ru)</name>
            <description/>
            <Point id="1226">
                <coordinates>61.3489421,55.1927305,0.0</coordinates>
            </Point>
        </Placemark>
        <Placemark id="1229">
            <name>Заброшенный гараж (ru)</name>
            <description/>
            <Point id="1228">
                <coordinates>61.3986798,55.069691,0.0</coordinates>
            </Point>
        </Placemark>
        <Placemark id="1231">
            <name>Заброшенный постамент памятника Ленину (ru)</name>
            <description/>
            <Point id="1230">
                <coordinates>61.6167478,55.0901427,0.0</coordinates>
            </Point>
        </Placemark>
        <Placemark id="1233">
            <name>Подвал (ru)</name>
            <description/>
            <Point id="1232">
                <coordinates>61.3948322,55.2143639,0.0</coordinates>
            </Point>
        </Placemark>
        <Placemark id="1235">
            <name>Заброшенный фонтан (ru)</name>
            <description/>
            <Point id="1234">
                <coordinates>61.3002602,55.1838434,0.0</coordinates>
            </Point>
        </Placemark>
        <Placemark id="1237">
            <name>Небольшое подземное помещение (ru)</name>
            <description/>
            <Point id="1236">
                <coordinates>61.5891944,55.0541428,0.0</coordinates>
            </Point>
        </Placemark>
        <Placemark id="1239">
            <name>Мачта освещения (ru)</name>
            <description/>
            <Point id="1238">
                <coordinates>61.4042698,55.1374388,0.0</coordinates>
            </Point>
        </Placemark>
        <Placemark id="1241">
            <name>Вагончик (ru)</name>
            <description/>
            <Point id="1240">
                <coordinates>61.2104665,55.0284512,0.0</coordinates>
            </Point>
        </Placemark>
        <Placemark id="1243">
            <name>Бывший фонтан (ru)</name>
            <description/>
            <Point id="1242">
                <coordinates>61.6168323,55.0900997,0.0</coordinates>
            </Point>
        </Placemark>
        <Placemark id="1245">
            <name>Родник (ru)</name>
            <description/>
            <Point id="1244">
                <coordinates>61.3426445,55.1676251,0.0</coordinates>
            </Point>
        </Placemark>
        <Placemark id="1247">
            <name>Трансформаторная подстанция (ru)</name>
            <description/>
            <Point id="1246">
                <coordinates>61.3270608,55.0966256,0.0</coordinates>
            </Point>
        </Placemark>
        <Placemark id="1249">
            <name>Вентиляционный киоск (ru)</name>
            <description/>
            <Point id="1248">
                <coordinates>61.4019427,55.1807682,0.0</coordinates>
            </Point>
        </Placemark>
        <Placemark id="1251">
            <name>Старая осветительная мачта. Не используется. (ru)</name>
            <description/>
            <Point id="1250">
                <coordinates>61.3733585,55.0417931,0.0</coordinates>
            </Point>
        </Placemark>
        <Placemark id="1253">
            <name>Заброшенный фонтан (ru)</name>
            <description/>
            <Point id="1252">
                <coordinates>61.3944057,55.1561362,0.0</coordinates>
            </Point>
        </Placemark>
        <Placemark id="1255">
            <name>Бывшая вышка освещения (ru)</name>
            <description/>
            <Point id="1254">
                <coordinates>61.3500634,55.1097923,0.0</coordinates>
            </Point>
        </Placemark>
        <Placemark id="1257">
            <name>Неиспользуемый столб сотовой связи (ru)</name>
            <description/>
            <Point id="1256">
                <coordinates>61.6672212,55.1351244,0.0</coordinates>
            </Point>
        </Placemark>
    </Document>
</kml>
